,trainingsizes,results,result_sums,mean,qvalues,times,mini,result_q1,result_q2,result_q3,maxi
0,0,"[-5.0, -5.0, -5.0, -5.0, -5.0, -5.0, -5.0, -5.0, -5.0, -5.0, -5.0, -5.0, -5.0, -5.0, -5.0, -5.0, -5.0, -5.0, -5.0, -5.0, -5.0, -5.0, -5.0, -5.0, -5.0, -5.0, -5.0, -5.0, -5.0, -5.0, -5.0, -5.0, -5.0, -5.0, -5.0, -5.0, -5.0, -5.0, -5.0, -5.0, -5.0, -5.0, -5.0, -5.0, -5.0, -5.0, -5.0, -5.0, -5.0, -5.0, -5.0, -5.0, -5.0, -5.0, -5.0, -5.0, -5.0, -5.0, -5.0, -5.0, -5.0, -5.0, -5.0, -5.0, -5.0, -5.0, -5.0, -5.0, -5.0, -5.0, -5.0, -5.0, -5.0, -5.0, -5.0, -5.0, -5.0, -5.0, -5.0, -5.0, -5.0, -5.0, -5.0, -5.0, -5.0, -5.0, -5.0, -5.0, -5.0, -5.0, -5.0, -5.0, -5.0, -5.0, -5.0, -5.0, -5.0, -5.0, -5.0, -5.0]",-500.0,-5.0,491,1692,-5.0,-5.0,-5.0,-5.0,-5.0
1,100,"[-5.0, -5.0, -5.0, -5.0, -5.0, -5.0, -5.0, -5.0, -5.0, -5.0, -5.0, -5.0, -5.0, -5.0, -5.0, -5.0, -5.0, -5.0, -5.0, -5.0, -5.0, -5.0, -5.0, -5.0, -5.0, -5.0, -5.0, -5.0, -5.0, -5.0, -5.0, -5.0, -5.0, -5.0, -5.0, -5.0, -5.0, -5.0, -5.0, -5.0, -5.0, -5.0, -5.0, -5.0, -5.0, -5.0, -5.0, -5.0, -5.0, -5.0, -5.0, -5.0, -5.0, -5.0, -5.0, -5.0, -5.0, -5.0, -5.0, -5.0, -5.0, -5.0, -5.0, -5.0, -5.0, -5.0, -5.0, -5.0, -5.0, -5.0, -5.0, -5.0, -5.0, -5.0, -5.0, -5.0, -5.0, -5.0, -5.0, -5.0, -5.0, -5.0, -5.0, -5.0, -5.0, -5.0, -5.0, -5.0, -5.0, -5.0, -5.0, -5.0, -5.0, -5.0, -5.0, -5.0, -5.0, -5.0, -5.0, -5.0]",-500.0,-5.0,670,1875,-5.0,-5.0,-5.0,-5.0,-5.0
2,200,"[-5.0, -5.0, -5.0, -5.0, -4.0, -5.0, -5.0, -4.0, -4.0, -5.0, -5.0, -5.0, -5.0, -4.0, -5.0, -5.0, -5.0, -5.0, -5.0, -5.0, -5.0, -5.0, -5.0, -5.0, -5.0, -4.0, -5.0, -5.0, -5.0, -5.0, -5.0, -5.0, -5.0, -5.0, -4.0, -5.0, -5.0, -5.0, -4.0, -4.0, -5.0, -5.0, -5.0, -5.0, -5.0, -5.0, -5.0, -5.0, -4.0, -4.0, -5.0, -5.0, -4.0, -5.0, -5.0, -5.0, -5.0, -4.0, -4.0, -4.0, -4.0, -5.0, -5.0, -4.0, -5.0, -5.0, -5.0, -4.0, -5.0, -5.0, -4.0, -5.0, -5.0, -4.0, -5.0, -5.0, -5.0, -4.0, -5.0, -5.0, -5.0, -5.0, -4.0, -5.0, -5.0, -5.0, -4.0, -5.0, -5.0, -5.0, -5.0, -5.0, -5.0, -4.0, -5.0, -4.0, -5.0, -4.0, -5.0, -5.0]",-475.0,-4.75,886,1209,-5.0,-5.0,-5.0,-4.75,-4.0
3,300,"[-5.0, -5.0, -5.0, -5.0, -5.0, -5.0, -5.0, -5.0, -5.0, -5.0, -5.0, -5.0, -5.0, -5.0, -5.0, -4.0, -5.0, -5.0, -4.0, -5.0, -5.0, -5.0, -5.0, -5.0, -5.0, -5.0, -5.0, -5.0, -5.0, -5.0, -5.0, -5.0, -5.0, -5.0, -5.0, -5.0, -4.0, -5.0, -5.0, -4.0, -4.0, -5.0, -5.0, -5.0, -5.0, -5.0, -5.0, -5.0, -5.0, -4.0, -5.0, -5.0, -5.0, -5.0, -5.0, -5.0, -5.0, -5.0, -5.0, -5.0, -5.0, -5.0, -5.0, -5.0, -4.0, -5.0, -5.0, -5.0, -5.0, -5.0, -5.0, -5.0, -5.0, -5.0, -5.0, -5.0, -4.0, -5.0, -5.0, -4.0, -5.0, -5.0, -5.0, -4.0, -4.0, -5.0, -5.0, -5.0, -5.0, -4.0, -5.0, -5.0, -4.0, -5.0, -5.0, -5.0, -5.0, -4.0, -5.0, -5.0]",-486.0,-4.86,1066,1244,-5.0,-5.0,-5.0,-5.0,-4.0
4,400,"[-4.0, -5.0, -5.0, -4.0, -5.0, -5.0, -5.0, -4.0, -4.0, -5.0, -5.0, -4.0, -4.0, -4.0, -4.0, -4.0, -3.0, -4.0, -5.0, -4.0, -4.0, -5.0, -2.0, -5.0, -5.0, -5.0, -5.0, -3.0, -5.0, -3.0, -5.0, -2.0, -4.0, -4.0, -4.0, -5.0, -4.0, -4.0, -5.0, -4.0, -3.0, -5.0, -4.0, -4.0, -2.0, -5.0, -4.0, -5.0, -5.0, -5.0, -5.0, -5.0, -5.0, -5.0, -5.0, -3.0, -5.0, -5.0, -3.0, -5.0, -5.0, -5.0, -5.0, -4.0, -5.0, -2.0, -4.0, -5.0, -5.0, -5.0, -5.0, -5.0, -5.0, -5.0, -3.0, -5.0, -5.0, -1.0, -5.0, -5.0, -5.0, -4.0, -4.0, -3.0, -5.0, -4.0, -5.0, -4.0, -4.0, -5.0, -3.0, -5.0, -5.0, -5.0, -5.0, -4.0, -5.0, -2.0, -5.0, -4.0]",-433.0,-4.33,1291,1363,-5.0,-5.0,-5.0,-4.0,-1.0
5,500,"[-5.0, -5.0, -5.0, -5.0, -5.0, -5.0, -5.0, -5.0, -5.0, -5.0, -4.0, -5.0, -5.0, -4.0, -5.0, -4.0, -5.0, -4.0, -4.0, -5.0, -5.0, -5.0, -5.0, -5.0, -5.0, -5.0, -5.0, -5.0, -5.0, -5.0, -5.0, -4.0, -3.0, -5.0, -5.0, -5.0, -5.0, -5.0, -5.0, -5.0, -4.0, -5.0, -5.0, -5.0, -5.0, -5.0, -5.0, -5.0, -5.0, -4.0, -5.0, -5.0, -2.0, -5.0, -5.0, -4.0, -5.0, -4.0, -5.0, -5.0, -5.0, -4.0, -5.0, -5.0, -4.0, -5.0, -3.0, -5.0, -4.0, -5.0, -5.0, -3.0, -5.0, -5.0, -5.0, -5.0, -5.0, -4.0, -5.0, -5.0, -5.0, -5.0, -3.0, -5.0, -5.0, -5.0, -5.0, -5.0, -3.0, -4.0, -5.0, -5.0, -3.0, -5.0, -5.0, -5.0, -4.0, -5.0, -5.0, -5.0]",-469.0,-4.69,1583,1484,-5.0,-5.0,-5.0,-5.0,-2.0
6,600,"[-4.0, -3.0, -4.0, -4.0, -4.0, -4.0, -4.0, -5.0, -4.0, -5.0, -4.0, -4.0, -3.0, -4.0, -5.0, -4.0, -4.0, -5.0, -4.0, -4.0, -3.0, -4.0, -4.0, -4.0, -2.0, -5.0, -4.0, -4.0, -4.0, 1.0, -4.0, -4.0, -5.0, -3.0, -4.0, -5.0, -5.0, -2.0, -4.0, -4.0, -5.0, -4.0, -5.0, -4.0, -3.0, -4.0, -4.0, -4.0, -4.0, -5.0, -5.0, 2.0, -5.0, -4.0, -4.0, -4.0, -2.0, -5.0, -4.0, -2.0, -2.0, -4.0, -5.0, -4.0, -4.0, -4.0, -4.0, -4.0, -4.0, -4.0, -5.0, -4.0, -1.0, -3.0, -4.0, -4.0, -4.0, -4.0, -4.0, -5.0, -3.0, -4.0, -5.0, -4.0, -5.0, -4.0, -5.0, -4.0, -5.0, -4.0, -5.0, -4.0, -5.0, -5.0, -2.0, -4.0, -5.0, -4.0, -2.0, -4.0]",-390.0,-3.9,1828,1486,-5.0,-4.25,-4.0,-4.0,2.0
7,700,"[-3.0, -3.0, -4.0, -3.0, -3.0, -2.0, 0.0, -5.0, -4.0, -3.0, -2.0, 0.0, -2.0, -3.0, -1.0, -4.0, -1.0, -4.0, -3.0, -4.0, -4.0, -4.0, -1.0, -3.0, -5.0, -3.0, -4.0, -5.0, -5.0, -4.0, -3.0, -4.0, -2.0, -1.0, -4.0, -4.0, -3.0, -3.0, -4.0, -4.0, -3.0, -3.0, 0.0, -4.0, -5.0, -4.0, -5.0, -2.0, -5.0, 3.0, -4.0, -3.0, -3.0, -4.0, 0.0, -4.0, -3.0, -4.0, -4.0, -4.0, -4.0, -5.0, -4.0, -5.0, -4.0, -4.0, -4.0, -4.0, -4.0, -4.0, 5.0, 3.0, -5.0, -5.0, -4.0, -4.0, -3.0, -1.0, -4.0, -3.0, -5.0, -4.0, -3.0, -4.0, 2.0, -4.0, -3.0, -4.0, -4.0, -3.0, -1.0, 0.0, -3.0, -5.0, -4.0, -4.0, -4.0, -5.0, -3.0, -5.0]",-314.0,-3.14,2118,1944,-5.0,-4.0,-4.0,-3.0,5.0
8,800,"[-4.0, -4.0, -4.0, -5.0, -5.0, -4.0, 0.0, -5.0, -5.0, -3.0, 7.0, -4.0, -2.0, -3.0, -3.0, -1.0, -2.0, -4.0, -4.0, -4.0, -3.0, -2.0, 1.0, -2.0, -2.0, -4.0, -4.0, -5.0, 1.0, -2.0, -4.0, -5.0, 2.0, -3.0, -4.0, -5.0, -5.0, -4.0, -5.0, -4.0, -3.0, -4.0, -5.0, -3.0, -3.0, -4.0, -4.0, -5.0, -4.0, -3.0, -4.0, -3.0, -3.0, 0.0, -3.0, -3.0, -1.0, -2.0, -4.0, 3.0, -4.0, -4.0, -3.0, -3.0, -2.0, 0.0, -4.0, 2.0, -3.0, -4.0, -4.0, -1.0, 0.0, -4.0, -5.0, -4.0, -3.0, -5.0, -2.0, 1.0, -2.0, -4.0, -5.0, 0.0, -4.0, -4.0, -5.0, -5.0, -1.0, -4.0, 4.0, -4.0, -2.0, -2.0, -4.0, -4.0, 2.0, -4.0, -4.0, -3.0]",-283.0,-2.83,2307,1896,-5.0,-4.0,-4.0,-2.0,7.0
9,900,"[-5.0, -5.0, -5.0, -5.0, -5.0, -3.0, -2.0, -5.0, 0.0, -4.0, -3.0, -2.0, -5.0, -4.0, -4.0, -4.0, -5.0, -2.0, -4.0, -5.0, -5.0, -4.0, -5.0, -5.0, -5.0, -5.0, -5.0, 1.0, -2.0, -1.0, -3.0, -5.0, -2.0, -5.0, -5.0, 0.0, -5.0, -5.0, -5.0, -5.0, -2.0, -5.0, -5.0, -5.0, -4.0, -5.0, -4.0, -5.0, -3.0, -5.0, -5.0, -5.0, -5.0, -5.0, -5.0, -5.0, -5.0, -5.0, -1.0, -5.0, -2.0, -5.0, -3.0, -2.0, -3.0, -5.0, -4.0, -5.0, -4.0, -5.0, -4.0, 0.0, -5.0, -3.0, -1.0, 2.0, -4.0, -3.0, -3.0, -2.0, -5.0, -5.0, -5.0, -1.0, -1.0, 2.0, -1.0, -5.0, -3.0, -3.0, -1.0, -4.0, -2.0, -5.0, -5.0, 0.0, -3.0, -5.0, -5.0, -5.0]",-365.0,-3.65,2517,2137,-5.0,-5.0,-5.0,-3.0,2.0
10,1000,"[-4.0, -2.0, -5.0, -5.0, 3.0, -3.0, -4.0, -4.0, -5.0, -4.0, -4.0, -4.0, -5.0, -4.0, -5.0, -3.0, 1.0, -4.0, -1.0, -4.0, -3.0, -5.0, -4.0, -4.0, -1.0, -5.0, -4.0, -3.0, -1.0, -5.0, -1.0, -4.0, 9.0, -4.0, -3.0, -5.0, -4.0, -2.0, -5.0, -5.0, -4.0, -5.0, 0.0, -5.0, -4.0, -4.0, -4.0, -5.0, -3.0, -4.0, 0.0, -4.0, -4.0, -5.0, 0.0, -2.0, -4.0, -4.0, -5.0, -4.0, -1.0, -4.0, 3.0, -4.0, -5.0, 0.0, -5.0, -2.0, -4.0, -4.0, -4.0, -5.0, -4.0, -3.0, -4.0, -4.0, 3.0, -5.0, -4.0, -4.0, -3.0, -4.0, -4.0, -2.0, -4.0, -4.0, -4.0, -4.0, -5.0, -2.0, -5.0, -4.0, -4.0, -4.0, -1.0, -5.0, -5.0, -5.0, -5.0, -5.0]",-334.0,-3.34,2631,1789,-5.0,-5.0,-4.0,-3.0,9.0
11,1100,"[-1.0, -5.0, -3.0, -4.0, -5.0, -4.0, 4.0, -5.0, -5.0, -5.0, -5.0, -5.0, -4.0, -4.0, -5.0, -1.0, -3.0, -4.0, -5.0, -3.0, -5.0, -2.0, -4.0, -1.0, -3.0, -5.0, -5.0, -5.0, -2.0, -5.0, -2.0, -2.0, -4.0, -4.0, -2.0, -5.0, -2.0, -2.0, 0.0, -4.0, -5.0, -5.0, 4.0, -5.0, 3.0, -5.0, -5.0, 0.0, -2.0, -4.0, -5.0, -5.0, -5.0, -4.0, -5.0, -4.0, -2.0, -4.0, -4.0, -5.0, -4.0, -5.0, -4.0, 1.0, -3.0, -4.0, -4.0, -5.0, -3.0, -3.0, 1.0, -1.0, -1.0, -1.0, -3.0, -1.0, 1.0, -4.0, -5.0, -4.0, 0.0, -5.0, -1.0, -2.0, -2.0, -3.0, -4.0, -5.0, 2.0, -3.0, -5.0, -5.0, -5.0, -1.0, -2.0, -5.0, -3.0, -4.0, -3.0, -4.0]",-315.0,-3.15,2787,1917,-5.0,-5.0,-4.0,-2.0,4.0
12,1200,"[-5.0, 1.0, -4.0, -5.0, -3.0, -5.0, -4.0, -4.0, -5.0, -5.0, -3.0, -5.0, -5.0, -5.0, -5.0, -5.0, -5.0, -4.0, -4.0, -4.0, -5.0, -5.0, -4.0, -4.0, -4.0, -5.0, -4.0, -5.0, -2.0, -5.0, -4.0, -4.0, -5.0, -5.0, -4.0, -1.0, -3.0, -5.0, 2.0, 1.0, -5.0, -5.0, -2.0, -4.0, -4.0, -4.0, -5.0, -5.0, -4.0, -5.0, -5.0, -4.0, -1.0, -3.0, -1.0, -4.0, -4.0, -3.0, -5.0, -5.0, -5.0, -5.0, -5.0, -3.0, -5.0, 0.0, -5.0, -4.0, -5.0, -2.0, -5.0, 0.0, -5.0, -3.0, -4.0, 0.0, -5.0, -3.0, -5.0, -5.0, -4.0, -5.0, -5.0, -5.0, 0.0, -5.0, -3.0, -2.0, -3.0, 3.0, -4.0, -5.0, -4.0, -4.0, -5.0, -4.0, -4.0, 0.0, -4.0, -4.0]",-374.0,-3.74,2915,1778,-5.0,-5.0,-4.0,-3.0,3.0
13,1300,"[-4.0, -5.0, -2.0, -4.0, -5.0, -4.0, -2.0, -5.0, -4.0, -4.0, 1.0, -1.0, -5.0, -3.0, -5.0, 9.0, 9.0, -1.0, -5.0, -4.0, -4.0, -5.0, -5.0, -4.0, -5.0, -1.0, 2.0, -5.0, -3.0, -2.0, -4.0, -5.0, -5.0, -4.0, -5.0, -4.0, -5.0, 2.0, -5.0, -2.0, -4.0, -5.0, 7.0, 16.0, -4.0, -4.0, -2.0, -4.0, -4.0, -5.0, 5.0, -1.0, -2.0, -5.0, -5.0, -4.0, 1.0, -4.0, -5.0, -4.0, -2.0, -1.0, 0.0, -4.0, -5.0, -4.0, -4.0, -4.0, -5.0, -4.0, -4.0, 7.0, -4.0, -3.0, -5.0, -5.0, 9.0, -5.0, -5.0, -4.0, -4.0, -4.0, -4.0, -4.0, -4.0, -4.0, -5.0, -4.0, -4.0, -4.0, -4.0, -4.0, -5.0, -5.0, -1.0, 0.0, -3.0, -5.0, 1.0, -4.0]",-269.0,-2.69,3069,2393,-5.0,-5.0,-4.0,-2.0,16.0
14,1400,"[-5.0, 0.0, -5.0, -2.0, -2.0, -5.0, -4.0, -4.0, -5.0, 2.0, -1.0, -5.0, 1.0, 4.0, 5.0, -2.0, -4.0, -5.0, 1.0, 20.0, -3.0, -4.0, -3.0, -2.0, 3.0, -3.0, 0.0, -4.0, -1.0, -2.0, 6.0, -2.0, -4.0, -4.0, -1.0, 1.0, -4.0, 2.0, -4.0, -3.0, -2.0, 2.0, 11.0, -2.0, 21.0, -4.0, 0.0, -3.0, -5.0, 3.0, 0.0, 2.0, -4.0, -3.0, -4.0, -5.0, -4.0, 0.0, 5.0, -3.0, -3.0, -2.0, 6.0, -3.0, -2.0, -3.0, -2.0, 4.0, 0.0, 4.0, -4.0, -4.0, -5.0, 0.0, -5.0, -4.0, -4.0, 5.0, -4.0, -5.0, -1.0, -3.0, -1.0, -4.0, -2.0, -5.0, 2.0, 14.0, -4.0, 2.0, -4.0, -4.0, -5.0, 3.0, 3.0, -4.0, 3.0, -3.0, 11.0, -2.0]",-78.0,-0.78,3217,2115,-5.0,-4.0,-2.0,1.0,21.0
15,1500,"[0.0, -4.0, 0.0, 4.0, -3.0, -4.0, 21.0, 0.0, -4.0, 15.0, -4.0, -4.0, 10.0, -3.0, 7.0, -5.0, -5.0, 13.0, 2.0, 2.0, -1.0, -5.0, 9.0, -5.0, -2.0, -4.0, 17.0, -4.0, -4.0, 5.0, -2.0, 6.0, -5.0, -5.0, 4.0, -2.0, -3.0, 15.0, -4.0, 5.0, -3.0, 1.0, -3.0, -1.0, -4.0, -4.0, 11.0, -4.0, -1.0, -1.0, -5.0, -3.0, -4.0, 7.0, -1.0, 6.0, -1.0, -4.0, 4.0, -4.0, -2.0, 0.0, 2.0, 0.0, -1.0, -4.0, -3.0, -2.0, -5.0, -5.0, 20.0, -3.0, 2.0, -1.0, -4.0, 6.0, -2.0, 13.0, -3.0, 1.0, -2.0, 6.0, -2.0, 1.0, 1.0, 3.0, 3.0, -3.0, -5.0, -5.0, -3.0, 7.0, -3.0, 27.0, 5.0, -4.0, -4.0, -3.0, 3.0, 10.0]",80.0,0.8,3404,3205,-5.0,-4.0,-2.0,3.25,27.0
16,1600,"[-4.0, 0.0, 3.0, -3.0, 8.0, 12.0, 2.0, -4.0, -3.0, -1.0, -4.0, 27.0, 6.0, 7.0, -1.0, -3.0, 0.0, -1.0, 0.0, -1.0, -3.0, 24.0, 11.0, 14.0, -1.0, 3.0, 2.0, 4.0, 2.0, -2.0, 0.0, 26.0, 6.0, -4.0, -2.0, -4.0, 4.0, 4.0, -3.0, 3.0, 3.0, 6.0, -2.0, 5.0, -1.0, -4.0, -2.0, 0.0, 3.0, -4.0, 3.0, 15.0, -2.0, -4.0, -4.0, 1.0, -3.0, 2.0, -4.0, 5.0, -3.0, -4.0, 2.0, 10.0, -3.0, 2.0, 0.0, -4.0, 5.0, -4.0, 16.0, -4.0, -4.0, -1.0, -4.0, -1.0, 1.0, -3.0, 12.0, 3.0, 1.0, 3.0, -2.0, -1.0, 1.0, 2.0, -3.0, -4.0, 15.0, 0.0, -4.0, 0.0, -3.0, 0.0, 1.0, -4.0, 5.0, 5.0, -4.0, 10.0]",171.0,1.71,3597,4078,-4.0,-3.0,0.0,3.25,27.0
17,1700,"[16.0, -5.0, -4.0, -5.0, -4.0, 25.0, 1.0, 12.0, -1.0, -2.0, -3.0, -5.0, -2.0, 3.0, -3.0, 7.0, -5.0, -1.0, -5.0, -5.0, -5.0, 2.0, -2.0, -5.0, 7.0, 2.0, 4.0, 14.0, 1.0, 3.0, -5.0, 9.0, -1.0, -5.0, -4.0, -5.0, 16.0, -5.0, -4.0, -5.0, -5.0, 9.0, -5.0, -2.0, -5.0, -4.0, -3.0, -3.0, 17.0, -5.0, -5.0, -2.0, -4.0, 6.0, -5.0, 2.0, -5.0, -4.0, 5.0, -4.0, -1.0, -5.0, 2.0, -2.0, -3.0, -5.0, -4.0, 8.0, -5.0, -1.0, -1.0, 0.0, 23.0, 1.0, 0.0, -5.0, 16.0, -5.0, -5.0, -5.0, -3.0, 1.0, -1.0, 11.0, -4.0, -5.0, 8.0, 5.0, 3.0, -5.0, 12.0, -4.0, 2.0, 2.0, -1.0, -5.0, 4.0, -4.0, -5.0, -4.0]",14.0,0.14,3708,3321,-5.0,-5.0,-2.5,2.0,25.0
18,1800,"[20.0, 30.0, -4.0, 9.0, 1.0, 0.0, -5.0, -5.0, 3.0, 56.0, 27.0, -4.0, 20.0, -1.0, 5.0, -1.0, 8.0, -5.0, -5.0, -5.0, 4.0, -4.0, -4.0, 4.0, -3.0, -5.0, 9.0, 12.0, -1.0, -5.0, -4.0, 8.0, -2.0, -4.0, 4.0, -4.0, 5.0, 0.0, 0.0, -5.0, 10.0, 5.0, 0.0, 13.0, 2.0, 3.0, 5.0, 4.0, 4.0, -5.0, -1.0, 9.0, -2.0, -5.0, 12.0, 1.0, -1.0, 5.0, 1.0, 5.0, 16.0, 75.0, -4.0, -5.0, 0.0, 0.0, -1.0, 36.0, 2.0, 28.0, -4.0, -1.0, 12.0, -1.0, 4.0, -5.0, 3.0, 39.0, -5.0, 26.0, -4.0, 2.0, 0.0, 12.0, 7.0, 29.0, -2.0, 18.0, 3.0, 6.0, -3.0, 8.0, 7.0, -1.0, 16.0, -5.0, 4.0, 0.0, -5.0, -5.0]",516.0,5.16,3801,2887,-5.0,-4.0,1.0,8.0,75.0
19,1900,"[-4.0, -4.0, 9.0, 3.0, 0.0, 1.0, 7.0, 2.0, 1.0, 1.0, -1.0, -4.0, -4.0, 3.0, -4.0, -4.0, -4.0, -5.0, -4.0, -2.0, -2.0, 4.0, -4.0, 2.0, -1.0, -2.0, -2.0, 1.0, 0.0, -5.0, -2.0, -2.0, -4.0, 5.0, 9.0, 5.0, -3.0, -3.0, 4.0, -2.0, 3.0, -3.0, 3.0, 4.0, -1.0, -1.0, 2.0, 4.0, 1.0, -3.0, -3.0, 13.0, 0.0, 15.0, -1.0, -1.0, 14.0, 13.0, -3.0, -4.0, 3.0, -2.0, 13.0, 6.0, -2.0, 3.0, -4.0, 2.0, 18.0, -4.0, -2.0, 3.0, -4.0, 3.0, 9.0, 7.0, 2.0, 6.0, -4.0, -4.0, -1.0, -2.0, 0.0, -2.0, 6.0, -2.0, 4.0, 5.0, -2.0, 1.0, 2.0, -4.0, -2.0, -4.0, -3.0, 0.0, -3.0, -1.0, 2.0, 0.0]",80.0,0.8,3886,3221,-5.0,-3.0,-1.0,3.0,18.0
20,2000,"[-2.0, -4.0, 8.0, 0.0, 7.0, 10.0, 13.0, -4.0, -3.0, 0.0, 10.0, -2.0, 10.0, 12.0, 25.0, 4.0, -3.0, -2.0, 9.0, 59.0, -4.0, 8.0, 7.0, -4.0, 4.0, -4.0, 7.0, 13.0, 3.0, -2.0, 30.0, -2.0, 4.0, -4.0, 18.0, 14.0, -4.0, 3.0, 35.0, 4.0, -4.0, -4.0, 9.0, 25.0, 6.0, 58.0, 6.0, 3.0, 11.0, 7.0, 2.0, -2.0, -2.0, 15.0, -4.0, 18.0, 19.0, -2.0, 5.0, 10.0, 10.0, 27.0, 17.0, 1.0, 3.0, -1.0, 5.0, 9.0, 20.0, 9.0, 26.0, 10.0, -3.0, 6.0, -3.0, 7.0, -3.0, 8.0, 9.0, -3.0, -2.0, -3.0, 4.0, 1.0, 33.0, 17.0, 3.0, 4.0, 7.0, -3.0, 17.0, 9.0, 3.0, -3.0, 3.0, 17.0, 0.0, -4.0, -1.0, 0.0]",705.0,7.05,3966,3523,-4.0,-2.0,4.0,10.0,59.0
21,2100,"[18.0, -2.0, 4.0, 4.0, -3.0, 10.0, 12.0, -1.0, -1.0, 14.0, 0.0, 14.0, 8.0, -3.0, 0.0, 2.0, 1.0, -2.0, 5.0, 1.0, 0.0, 2.0, -4.0, 7.0, -2.0, -1.0, -3.0, 17.0, 0.0, 0.0, 22.0, -3.0, -4.0, 2.0, 5.0, 0.0, -3.0, 0.0, 8.0, -3.0, 3.0, -1.0, -2.0, 5.0, 6.0, -2.0, 10.0, -1.0, 5.0, 6.0, -3.0, -1.0, 10.0, 0.0, 0.0, -3.0, 17.0, 2.0, 3.0, 1.0, 1.0, 1.0, 1.0, 9.0, 3.0, -4.0, 8.0, 0.0, -3.0, 1.0, 26.0, -3.0, -1.0, 0.0, 9.0, -4.0, 7.0, -2.0, -2.0, 16.0, 0.0, 12.0, 1.0, 3.0, 1.0, 8.0, 1.0, -2.0, 20.0, 15.0, 15.0, 0.0, -1.0, 6.0, 14.0, -1.0, -1.0, 10.0, 5.0, 1.0]",346.0,3.46,4015,3258,-4.0,-1.0,1.0,7.0,26.0
22,2200,"[3.0, -4.0, 0.0, -2.0, 11.0, 0.0, 0.0, -3.0, 8.0, 4.0, 2.0, -3.0, -2.0, 27.0, 3.0, -2.0, 21.0, 22.0, -3.0, 1.0, 3.0, 27.0, -1.0, 23.0, 10.0, -1.0, 19.0, -2.0, 5.0, 10.0, 1.0, -3.0, 3.0, 3.0, -5.0, 10.0, 17.0, 2.0, 3.0, -3.0, 26.0, -3.0, -5.0, -3.0, 15.0, -2.0, 2.0, -3.0, 1.0, 5.0, 4.0, 25.0, -5.0, -2.0, -4.0, -3.0, -1.0, 17.0, 9.0, -1.0, -3.0, 9.0, 21.0, 1.0, 3.0, -2.0, 9.0, 2.0, 4.0, -2.0, -2.0, 14.0, 4.0, 2.0, 5.0, 0.0, 41.0, 3.0, -3.0, 15.0, 41.0, 29.0, 7.0, -1.0, 3.0, 11.0, 0.0, 15.0, 15.0, 9.0, 7.0, -3.0, -3.0, 1.0, 23.0, -2.0, -5.0, 42.0, -3.0, -4.0]",579.0,5.79,4079,4278,-5.0,-2.0,2.0,10.0,42.0
23,2300,"[5.0, 0.0, 45.0, 10.0, 26.0, 15.0, -1.0, -4.0, -3.0, 0.0, 43.0, 0.0, 68.0, 4.0, 14.0, 0.0, 12.0, 2.0, 4.0, 25.0, 32.0, 12.0, 21.0, -3.0, -1.0, 2.0, -2.0, 13.0, 7.0, 2.0, 3.0, 2.0, 0.0, 4.0, 11.0, 1.0, 5.0, 46.0, 0.0, 5.0, 28.0, 0.0, 16.0, 3.0, 0.0, 16.0, 3.0, 7.0, 0.0, 14.0, 1.0, 6.0, -2.0, 19.0, 7.0, -1.0, 4.0, 2.0, 7.0, 12.0, 2.0, 10.0, 58.0, 33.0, 1.0, 28.0, -3.0, 4.0, 30.0, -3.0, -2.0, 6.0, 17.0, 7.0, -2.0, 17.0, 11.0, 1.0, 16.0, 13.0, 12.0, 9.0, 13.0, -1.0, 31.0, 5.0, 22.0, 3.0, 25.0, -3.0, 5.0, 31.0, 9.0, 14.0, -3.0, -1.0, 5.0, 2.0, 1.0, 4.0]",994.0,9.94,4146,4597,-4.0,0.75,5.0,14.0,68.0
24,2400,"[24.0, -3.0, 20.0, 36.0, 30.0, 69.0, 15.0, 16.0, 5.0, 53.0, 4.0, 0.0, -3.0, 3.0, 1.0, 6.0, 5.0, 36.0, 11.0, 8.0, 9.0, -2.0, 1.0, 8.0, 8.0, 22.0, 1.0, 0.0, 17.0, 3.0, 19.0, -2.0, -3.0, 46.0, 8.0, -3.0, 32.0, -1.0, 0.0, 31.0, 9.0, 12.0, -3.0, 7.0, 10.0, 0.0, 28.0, 13.0, -3.0, 6.0, -2.0, -3.0, 7.0, 23.0, 1.0, 2.0, 12.0, 36.0, -1.0, -3.0, 13.0, 1.0, -3.0, 6.0, 3.0, 12.0, -3.0, 0.0, -1.0, -3.0, 6.0, -3.0, -1.0, 23.0, 1.0, 0.0, 1.0, -3.0, 3.0, 1.0, -1.0, 9.0, 2.0, 0.0, 0.0, 22.0, 17.0, -3.0, 2.0, 13.0, 9.0, 18.0, 8.0, 5.0, 3.0, 42.0, 8.0, 14.0, -2.0, 35.0]",935.0,9.35,4205,3542,-3.0,0.0,5.0,13.25,69.0
25,2500,"[1.0, -3.0, 5.0, 1.0, 1.0, 15.0, 4.0, 0.0, -3.0, 1.0, -1.0, -5.0, -2.0, -3.0, 2.0, 3.0, 4.0, 26.0, 9.0, 3.0, 8.0, -2.0, -2.0, 9.0, 27.0, 11.0, -4.0, 4.0, 2.0, 7.0, -2.0, -2.0, 10.0, 0.0, -3.0, 17.0, 4.0, 2.0, -1.0, 6.0, 15.0, -1.0, 8.0, 3.0, -2.0, -4.0, 6.0, 8.0, 0.0, 2.0, 8.0, 3.0, -3.0, 9.0, -1.0, 3.0, 9.0, -3.0, 23.0, 0.0, 5.0, 21.0, 15.0, 3.0, -5.0, 0.0, 1.0, 13.0, -3.0, -2.0, -4.0, -3.0, 9.0, 0.0, 2.0, -1.0, 4.0, 0.0, 7.0, 7.0, 7.0, 9.0, -1.0, 1.0, 5.0, 0.0, 2.0, 8.0, 12.0, 1.0, 2.0, -3.0, 4.0, -2.0, 5.0, 1.0, -1.0, -4.0, 2.0, 1.0]",350.0,3.5,4251,3783,-5.0,-1.0,2.0,7.0,27.0
26,2600,"[1.0, 9.0, 3.0, 25.0, 20.0, 7.0, -4.0, -5.0, 3.0, -3.0, 7.0, -3.0, -2.0, -5.0, -2.0, 10.0, 1.0, 4.0, 2.0, -5.0, -5.0, 5.0, 3.0, 11.0, -5.0, -2.0, -5.0, 13.0, -5.0, 6.0, -5.0, -5.0, 0.0, 2.0, -3.0, 2.0, -1.0, 1.0, -5.0, 7.0, -1.0, 2.0, 0.0, 13.0, -3.0, 14.0, 12.0, 15.0, 21.0, 6.0, 5.0, 24.0, -5.0, 1.0, -5.0, 7.0, -4.0, 4.0, 9.0, 36.0, -4.0, 6.0, 7.0, 1.0, -5.0, -3.0, 4.0, 2.0, 0.0, -1.0, -2.0, -5.0, 6.0, 7.0, 20.0, 6.0, 7.0, 0.0, 8.0, 2.0, -1.0, -1.0, 1.0, 11.0, -3.0, 3.0, 9.0, 6.0, -5.0, 3.0, 3.0, 5.0, 15.0, 1.0, -5.0, 8.0, -5.0, 6.0, -2.0, -5.0]",323.0,3.23,4291,3290,-5.0,-3.0,2.0,7.0,36.0
27,2700,"[1.0, -4.0, -4.0, -4.0, -3.0, 0.0, -4.0, -3.0, 1.0, -1.0, -3.0, -4.0, -3.0, 3.0, -3.0, 2.0, -4.0, -3.0, -4.0, 7.0, 0.0, -4.0, 0.0, 2.0, -4.0, 2.0, -3.0, -4.0, -4.0, -3.0, -2.0, -3.0, -2.0, -2.0, -4.0, -4.0, -4.0, -1.0, 1.0, -4.0, 0.0, -4.0, 5.0, -2.0, 0.0, -2.0, -2.0, -3.0, 13.0, -3.0, -3.0, -3.0, -4.0, -1.0, 1.0, 0.0, -2.0, -1.0, 5.0, -4.0, -1.0, -4.0, -1.0, -4.0, -4.0, 3.0, 3.0, 5.0, -4.0, -3.0, -4.0, -4.0, -3.0, 1.0, -4.0, -4.0, -1.0, 0.0, 0.0, -2.0, -4.0, -4.0, -2.0, 0.0, -3.0, 4.0, 12.0, -4.0, -4.0, 0.0, -3.0, 5.0, -3.0, -4.0, -3.0, 0.0, -4.0, -3.0, -2.0, -1.0]",-140.0,-1.4,4331,4540,-4.0,-4.0,-3.0,0.0,13.0
28,2800,"[24.0, 11.0, 8.0, 107.0, 4.0, 36.0, 18.0, 11.0, -1.0, 16.0, 151.0, -1.0, 11.0, 57.0, -1.0, 57.0, -3.0, 62.0, -2.0, 92.0, 108.0, 14.0, 12.0, 17.0, 7.0, 24.0, -4.0, -3.0, 1.0, 52.0, -3.0, 26.0, 6.0, 29.0, 64.0, 13.0, 20.0, 45.0, 0.0, 30.0, 26.0, 32.0, 108.0, 6.0, 2.0, 14.0, 36.0, -4.0, 111.0, 4.0, -3.0, 7.0, 5.0, -4.0, 20.0, 54.0, -1.0, 15.0, 55.0, 45.0, -3.0, 48.0, 15.0, 6.0, 6.0, 17.0, 25.0, 23.0, 29.0, 8.0, 1.0, 33.0, 24.0, 84.0, 11.0, 14.0, 26.0, 30.0, 12.0, 14.0, 15.0, 7.0, 23.0, 6.0, 15.0, 66.0, -2.0, 68.0, -4.0, -4.0, 3.0, 47.0, 68.0, 9.0, -2.0, 5.0, 3.0, 29.0, 29.0, 81.0]",2528.0,25.28,4356,4365,-4.0,4.75,15.0,32.25,151.0
29,2900,"[34.0, 5.0, 18.0, 47.0, 20.0, 43.0, 11.0, -4.0, -2.0, 22.0, 63.0, 3.0, 30.0, -2.0, 4.0, 12.0, -3.0, 33.0, 39.0, 3.0, 59.0, 22.0, -2.0, 0.0, 44.0, 2.0, 0.0, 7.0, 42.0, 3.0, 99.0, 59.0, 114.0, 29.0, -1.0, 7.0, 82.0, 6.0, 31.0, 35.0, 24.0, 8.0, 20.0, 7.0, 19.0, -2.0, 6.0, 113.0, 15.0, -2.0, 24.0, 23.0, 9.0, 35.0, 51.0, 6.0, 38.0, 8.0, 28.0, 70.0, 9.0, -4.0, 20.0, 141.0, 11.0, 27.0, -4.0, 44.0, 5.0, 0.0, 14.0, 21.0, 8.0, 11.0, 9.0, -3.0, 24.0, 14.0, -1.0, 27.0, 3.0, 70.0, 23.0, 30.0, 6.0, 57.0, 4.0, 6.0, 2.0, 55.0, 107.0, -1.0, 50.0, 6.0, 15.0, -1.0, 48.0, 17.0, 8.0, 17.0]",2409.0,24.09,4387,3626,-4.0,4.75,15.0,34.25,141.0
30,3000,"[0.0, -3.0, 11.0, -3.0, -1.0, 13.0, -3.0, 7.0, 28.0, 9.0, 10.0, 12.0, 18.0, -2.0, 45.0, 18.0, 56.0, 5.0, 20.0, 10.0, 18.0, 51.0, 4.0, 1.0, 11.0, 27.0, 31.0, 49.0, -1.0, -3.0, 11.0, 44.0, 33.0, 6.0, 9.0, -2.0, 3.0, 11.0, 6.0, 62.0, -4.0, 48.0, 7.0, 1.0, -1.0, -4.0, 16.0, 8.0, 0.0, 31.0, 14.0, -4.0, 14.0, 29.0, 6.0, 40.0, -4.0, 12.0, 18.0, 29.0, 7.0, 25.0, -1.0, 21.0, -4.0, 56.0, 0.0, -2.0, 48.0, 5.0, 12.0, 7.0, -4.0, 75.0, -3.0, 15.0, 56.0, 4.0, 1.0, -2.0, 1.0, 7.0, 6.0, -4.0, 10.0, 13.0, 2.0, 2.0, 13.0, -2.0, 33.0, -2.0, 19.0, 53.0, 5.0, 66.0, 21.0, 15.0, 7.0, 4.0]",1462.0,14.62,4408,4473,-4.0,0.75,9.0,20.25,75.0
31,3100,"[-3.0, 2.0, 4.0, -4.0, 21.0, 1.0, -4.0, -3.0, -2.0, 9.0, 7.0, -4.0, 19.0, -1.0, 0.0, -2.0, -4.0, -4.0, 14.0, 18.0, 25.0, -4.0, 17.0, 6.0, 0.0, -2.0, 11.0, -3.0, -3.0, 7.0, 27.0, 0.0, 5.0, 0.0, 29.0, 12.0, -3.0, 4.0, 1.0, -1.0, -1.0, -4.0, -4.0, -4.0, 10.0, 4.0, 5.0, 17.0, -4.0, -2.0, -1.0, -4.0, 8.0, 7.0, 3.0, -1.0, -3.0, 9.0, 4.0, 3.0, 14.0, 10.0, 5.0, -3.0, 2.0, -4.0, 16.0, 5.0, -1.0, -3.0, 0.0, 6.0, 9.0, 9.0, 3.0, -3.0, -3.0, -2.0, 11.0, -3.0, -4.0, 11.0, -4.0, 8.0, 0.0, -3.0, -4.0, 0.0, -3.0, -4.0, -1.0, 2.0, 18.0, 7.0, -3.0, 2.0, -4.0, 4.0, -4.0, -3.0]",317.0,3.17,4446,5018,-4.0,-3.0,0.0,7.0,29.0
32,3200,"[-5.0, 3.0, -5.0, 25.0, 7.0, 30.0, 6.0, 1.0, 14.0, 21.0, -3.0, 19.0, 89.0, 52.0, 30.0, -5.0, 0.0, 8.0, 17.0, 38.0, 80.0, 6.0, 9.0, 10.0, 91.0, 24.0, 106.0, 4.0, 32.0, 10.0, 14.0, -5.0, 91.0, 10.0, -1.0, 7.0, 11.0, 4.0, 25.0, 31.0, -3.0, 69.0, 26.0, 149.0, 22.0, 3.0, 61.0, 8.0, 36.0, 6.0, -4.0, 69.0, 59.0, 2.0, 20.0, 11.0, -1.0, 8.0, 49.0, 72.0, -3.0, 9.0, 25.0, 15.0, -4.0, 12.0, 38.0, 36.0, 51.0, 75.0, 26.0, 44.0, 29.0, 67.0, 44.0, 12.0, 26.0, 191.0, -2.0, 1.0, 33.0, 51.0, 54.0, 97.0, -3.0, 7.0, 14.0, 17.0, 25.0, 46.0, 12.0, 26.0, -5.0, 39.0, 52.0, 123.0, 1.0, -3.0, 3.0, 98.0]",2942.0,29.42,4474,5038,-5.0,5.5,18.0,44.0,191.0
33,3300,"[9.0, 41.0, 2.0, 15.0, 44.0, 60.0, 0.0, 6.0, 18.0, 8.0, 8.0, 3.0, 8.0, -4.0, 45.0, 11.0, 15.0, -3.0, 26.0, 28.0, 128.0, -3.0, 72.0, 57.0, 48.0, 90.0, 2.0, -1.0, 5.0, 11.0, 36.0, -4.0, 29.0, 24.0, 0.0, 1.0, -3.0, -4.0, 21.0, 8.0, 158.0, 107.0, 9.0, 20.0, -3.0, 29.0, -3.0, -4.0, -4.0, 6.0, 6.0, 3.0, 23.0, 7.0, 20.0, -2.0, 12.0, 43.0, 64.0, 0.0, 26.0, 30.0, 2.0, 12.0, 33.0, 57.0, 9.0, -1.0, 15.0, 3.0, 11.0, 14.0, 66.0, 86.0, 33.0, 11.0, 33.0, 49.0, 6.0, 32.0, 45.0, 33.0, 62.0, 30.0, 26.0, 0.0, 17.0, 11.0, 6.0, 44.0, 65.0, 63.0, 3.0, 18.0, 0.0, 90.0, 3.0, 39.0, -4.0, -4.0]",2422.0,24.22,4501,6358,-4.0,3.0,13.0,33.75,158.0
34,3400,"[8.0, 0.0, -3.0, -2.0, 0.0, -2.0, -3.0, 28.0, -4.0, -4.0, 0.0, -3.0, 2.0, 1.0, 35.0, 2.0, 0.0, 21.0, 10.0, 8.0, -4.0, -4.0, 0.0, 4.0, 8.0, -4.0, -3.0, -2.0, 11.0, -1.0, -2.0, -1.0, -3.0, 10.0, -4.0, -2.0, 7.0, -3.0, -3.0, 23.0, 45.0, 27.0, 4.0, 4.0, 1.0, 0.0, 11.0, 4.0, 26.0, -2.0, 5.0, -2.0, -4.0, 2.0, 2.0, -3.0, 8.0, 7.0, -1.0, 8.0, 0.0, 8.0, 30.0, 2.0, -2.0, 10.0, -4.0, 21.0, 2.0, 0.0, 5.0, 33.0, 3.0, 2.0, -3.0, -4.0, 4.0, -2.0, -1.0, 14.0, 11.0, 1.0, -3.0, 23.0, 28.0, -4.0, 4.0, 24.0, 1.0, 0.0, -3.0, 0.0, 8.0, -4.0, 3.0, 0.0, -3.0, 20.0, 3.0, 2.0]",492.0,4.92,4536,5988,-4.0,-2.0,1.0,8.0,45.0
35,3500,"[31.0, 1.0, 21.0, -2.0, 52.0, -4.0, 1.0, 43.0, 7.0, -4.0, 19.0, 6.0, -4.0, 3.0, -2.0, -1.0, 1.0, 40.0, 3.0, -3.0, -4.0, 0.0, -2.0, 2.0, 8.0, 4.0, -3.0, 13.0, 8.0, 20.0, -3.0, 32.0, -4.0, 7.0, 2.0, 6.0, 40.0, -1.0, -1.0, 3.0, 34.0, -3.0, -2.0, -4.0, 16.0, -1.0, 12.0, 10.0, -4.0, 7.0, -3.0, 24.0, 7.0, 2.0, 17.0, -2.0, 6.0, -3.0, -4.0, 5.0, -3.0, 13.0, -4.0, 4.0, 20.0, 14.0, -4.0, -3.0, -4.0, 18.0, 0.0, 4.0, 4.0, 11.0, -2.0, -3.0, -3.0, 63.0, 16.0, 13.0, -1.0, 5.0, 1.0, 5.0, 20.0, 21.0, -2.0, 10.0, 0.0, -3.0, 5.0, -2.0, 10.0, 3.0, 18.0, 10.0, 0.0, 10.0, -3.0, 2.0]",712.0,7.12,4553,5249,-4.0,-2.0,3.0,11.25,63.0
36,3600,"[3.0, 5.0, -4.0, 75.0, 5.0, 6.0, 5.0, 0.0, 0.0, 33.0, -4.0, 7.0, 3.0, 38.0, 41.0, -3.0, 43.0, 21.0, 3.0, 39.0, -4.0, -4.0, 23.0, 17.0, 35.0, 19.0, 35.0, 8.0, -4.0, 9.0, -4.0, 23.0, -3.0, 0.0, 39.0, -4.0, 5.0, -3.0, 5.0, -3.0, -4.0, 34.0, 10.0, 32.0, 13.0, 38.0, 8.0, 5.0, 20.0, 11.0, 15.0, 20.0, 9.0, 2.0, 7.0, 4.0, -3.0, 7.0, 51.0, -4.0, -2.0, -3.0, 63.0, 40.0, 8.0, -4.0, 9.0, -3.0, 7.0, 11.0, -1.0, -2.0, 0.0, 11.0, 1.0, 6.0, 3.0, 0.0, 19.0, 38.0, 16.0, -2.0, 4.0, 24.0, 6.0, 43.0, 13.0, -1.0, 1.0, -4.0, -2.0, 5.0, 32.0, 29.0, 3.0, 14.0, -2.0, 17.0, 0.0, 16.0]",1193.0,11.93,4573,4932,-4.0,-0.25,6.0,19.25,75.0
37,3700,"[24.0, 38.0, 12.0, 41.0, 23.0, -1.0, 20.0, -4.0, 32.0, -3.0, -1.0, 14.0, 116.0, 9.0, 27.0, 9.0, -4.0, 36.0, -2.0, -3.0, -3.0, -4.0, 20.0, 147.0, -4.0, -3.0, 15.0, 44.0, 16.0, 8.0, 1.0, -4.0, 28.0, 24.0, 60.0, 54.0, 3.0, 23.0, 5.0, 35.0, 90.0, 35.0, 71.0, 21.0, 64.0, 15.0, -4.0, 62.0, 5.0, -3.0, 14.0, 20.0, 81.0, 43.0, 5.0, 81.0, -4.0, 8.0, 3.0, 11.0, -4.0, 95.0, -4.0, 6.0, 54.0, -4.0, 23.0, 240.0, 80.0, 5.0, -3.0, 12.0, -4.0, 0.0, 5.0, 5.0, 14.0, 3.0, 23.0, -2.0, 6.0, -4.0, -2.0, 45.0, -4.0, 11.0, 24.0, 32.0, 38.0, 54.0, 3.0, 6.0, 68.0, 219.0, 32.0, 5.0, 0.0, 15.0, -4.0, 3.0]",2557.0,25.57,4598,6753,-4.0,-0.25,12.0,35.0,240.0
38,3800,"[16.0, 15.0, 9.0, 60.0, 3.0, 89.0, 2.0, 12.0, -3.0, 7.0, 31.0, 11.0, 54.0, 3.0, 42.0, -1.0, 43.0, 63.0, 18.0, 28.0, -3.0, 9.0, 6.0, 0.0, 5.0, 26.0, -4.0, 22.0, 84.0, -4.0, 48.0, 16.0, 87.0, -4.0, 58.0, 95.0, 14.0, 78.0, 15.0, 24.0, 77.0, 2.0, 2.0, 146.0, 3.0, 0.0, 146.0, 21.0, 15.0, -3.0, 22.0, 255.0, -4.0, 41.0, 18.0, 82.0, 41.0, 66.0, 69.0, 75.0, 3.0, 2.0, 11.0, 74.0, 2.0, 20.0, 17.0, 38.0, 132.0, 2.0, 57.0, 57.0, 8.0, -3.0, 0.0, 102.0, 43.0, 12.0, 30.0, 23.0, 14.0, 0.0, 15.0, 38.0, 33.0, 8.0, 28.0, 2.0, 62.0, 11.0, -3.0, 156.0, 0.0, 11.0, 8.0, 113.0, 21.0, 15.0, 14.0, 123.0]",3447.0,34.47,4634,5473,-4.0,3.0,16.5,54.75,255.0
39,3900,"[2.0, 20.0, -3.0, 3.0, 44.0, 35.0, -3.0, 14.0, 5.0, 32.0, 20.0, 60.0, 27.0, 36.0, 20.0, 12.0, -1.0, -3.0, 8.0, -4.0, 62.0, 99.0, 1.0, 52.0, 9.0, 63.0, 9.0, 33.0, 3.0, 105.0, 9.0, 23.0, 0.0, 16.0, -1.0, 6.0, 14.0, -3.0, 2.0, 36.0, 9.0, 45.0, 76.0, -3.0, 3.0, 36.0, 45.0, 30.0, 59.0, -3.0, -4.0, 9.0, 1.0, 99.0, 5.0, 5.0, 50.0, 12.0, 44.0, 3.0, 2.0, 32.0, 50.0, -4.0, -4.0, 29.0, 5.0, 29.0, 6.0, 15.0, -2.0, 16.0, 10.0, -2.0, 19.0, 16.0, 21.0, -4.0, 1.0, 42.0, 26.0, 17.0, 17.0, -3.0, -1.0, 15.0, 3.0, -3.0, 14.0, 6.0, 11.0, -1.0, 53.0, 4.0, 2.0, 12.0, 25.0, 71.0, 45.0, 9.0]",1982.0,19.82,4656,6485,-4.0,2.0,12.0,32.0,105.0
40,4000,"[12.0, 106.0, 1.0, 0.0, 20.0, 10.0, 25.0, 23.0, 47.0, 2.0, 39.0, 3.0, 1.0, 11.0, 3.0, 59.0, -3.0, 7.0, 32.0, 55.0, 8.0, -4.0, -2.0, 13.0, -4.0, 5.0, 0.0, 47.0, 85.0, 3.0, -2.0, 20.0, -2.0, 70.0, 26.0, 0.0, -2.0, 5.0, 11.0, 28.0, 17.0, 18.0, 18.0, 17.0, 8.0, 36.0, -3.0, 11.0, 6.0, 14.0, 3.0, 47.0, 61.0, -1.0, 2.0, 63.0, 49.0, -4.0, 49.0, 8.0, 23.0, 22.0, -4.0, 3.0, 14.0, 37.0, 0.0, 13.0, 8.0, 67.0, 9.0, 62.0, 4.0, -1.0, 91.0, 4.0, 5.0, 38.0, 11.0, 11.0, 75.0, 69.0, 38.0, 8.0, 44.0, 13.0, -1.0, -3.0, -3.0, -4.0, 12.0, 34.0, 0.0, 8.0, -4.0, 22.0, -4.0, 26.0, 13.0, 30.0]",1967.0,19.67,4681,7557,-4.0,1.75,11.0,30.5,106.0
41,4100,"[75.0, 40.0, 28.0, -4.0, 13.0, 131.0, 35.0, 6.0, 30.0, 59.0, 21.0, -1.0, 30.0, 55.0, 10.0, 23.0, 14.0, 185.0, 60.0, 84.0, 35.0, 156.0, 29.0, 71.0, 120.0, 23.0, 3.0, 33.0, 28.0, 68.0, 56.0, 11.0, 21.0, 26.0, 79.0, 10.0, 31.0, 61.0, 43.0, 68.0, 1.0, 75.0, 7.0, 1.0, 38.0, 23.0, 30.0, 29.0, 28.0, 2.0, -2.0, 14.0, 36.0, 118.0, 22.0, 40.0, -4.0, 124.0, -1.0, 14.0, 87.0, 19.0, 69.0, -1.0, 134.0, 18.0, 40.0, -1.0, 5.0, -4.0, 45.0, 26.0, 89.0, 23.0, 25.0, 117.0, 2.0, -3.0, 59.0, 48.0, 44.0, 2.0, 35.0, 40.0, 19.0, 32.0, 25.0, 116.0, 15.0, 43.0, 99.0, 66.0, -3.0, 6.0, 24.0, 4.0, 126.0, 10.0, 66.0, -1.0]",4026.0,40.26,4690,6791,-4.0,10.75,29.0,59.25,185.0
42,4200,"[89.0, 116.0, 23.0, 134.0, 28.0, 77.0, -3.0, 14.0, 42.0, 16.0, 31.0, 48.0, 198.0, 30.0, 41.0, 176.0, 63.0, 2.0, 50.0, 23.0, 20.0, 70.0, 50.0, 233.0, 83.0, 99.0, -4.0, 9.0, -4.0, -3.0, 14.0, 36.0, 3.0, 29.0, 63.0, 6.0, 127.0, -2.0, -4.0, -3.0, 0.0, -4.0, 78.0, 233.0, 27.0, 47.0, 47.0, 142.0, 111.0, 123.0, 46.0, 0.0, 24.0, 23.0, 15.0, 110.0, 87.0, 222.0, 18.0, -4.0, 62.0, 26.0, 138.0, 44.0, 98.0, 69.0, 48.0, 86.0, 33.0, 45.0, 18.0, 50.0, 101.0, 57.0, 50.0, 56.0, 107.0, 158.0, 75.0, 78.0, 0.0, 35.0, 60.0, 141.0, 20.0, 144.0, 74.0, 8.0, 269.0, 71.0, 15.0, 142.0, 194.0, 53.0, 72.0, 11.0, 97.0, 11.0, 72.0, 30.0]",6283.0,62.83,4705,8056,-4.0,18.0,48.0,87.5,269.0
43,4300,"[20.0, 87.0, 151.0, 156.0, 94.0, 62.0, 257.0, 32.0, 69.0, 57.0, 287.0, 22.0, -4.0, 5.0, 204.0, 35.0, 33.0, -4.0, 51.0, -3.0, 152.0, -4.0, 107.0, 133.0, 170.0, 213.0, 56.0, 96.0, 209.0, 44.0, 21.0, 181.0, 17.0, 242.0, 243.0, 59.0, 50.0, 27.0, 201.0, 68.0, 42.0, 168.0, 1.0, 62.0, 60.0, 24.0, 26.0, 137.0, 20.0, 158.0, 85.0, 249.0, 78.0, 341.0, -1.0, 209.0, 138.0, 199.0, 12.0, 40.0, 80.0, 32.0, 300.0, 140.0, 44.0, 183.0, 179.0, 47.0, 158.0, 29.0, 270.0, 36.0, 95.0, 73.0, 3.0, 290.0, 261.0, 17.0, 27.0, 29.0, 23.0, 15.0, 0.0, 40.0, -1.0, 275.0, 54.0, 147.0, 53.0, 39.0, 110.0, 173.0, 6.0, 8.0, 212.0, 162.0, 9.0, 106.0, 78.0, 137.0]",9883.0,98.83,4723,8581,-4.0,27.0,65.0,159.0,341.0
44,4400,"[4.0, -1.0, 21.0, 69.0, 14.0, 121.0, 39.0, 48.0, 8.0, 86.0, 60.0, -4.0, 40.0, 75.0, 119.0, 1.0, 12.0, 10.0, 139.0, 5.0, 132.0, 92.0, 16.0, 51.0, 171.0, 219.0, 32.0, 78.0, 24.0, 20.0, 23.0, 30.0, -4.0, 63.0, 6.0, 32.0, -4.0, 18.0, 57.0, 95.0, 179.0, 194.0, 120.0, 147.0, 13.0, 61.0, 10.0, 6.0, 1.0, 45.0, 15.0, 24.0, 357.0, 2.0, -1.0, 2.0, 233.0, 14.0, 35.0, 30.0, 68.0, 34.0, 23.0, 30.0, 42.0, 21.0, -3.0, 225.0, 50.0, 68.0, 80.0, 10.0, 6.0, 180.0, 230.0, 19.0, 54.0, 11.0, -3.0, 44.0, 5.0, 24.0, 38.0, 17.0, 62.0, -1.0, 102.0, 101.0, 206.0, 69.0, 8.0, 60.0, 225.0, 39.0, 2.0, 183.0, 95.0, 29.0, 36.0, 143.0]",6136.0,61.36,4737,7567,-4.0,11.75,35.5,81.5,357.0
45,4500,"[-3.0, 137.0, 15.0, 158.0, 74.0, 99.0, 203.0, 125.0, 1.0, 17.0, 21.0, 126.0, 8.0, 317.0, 107.0, 26.0, 77.0, 38.0, 11.0, 61.0, 3.0, 42.0, 125.0, 93.0, 78.0, 192.0, 66.0, 56.0, 42.0, -4.0, 24.0, 39.0, 151.0, -2.0, 111.0, 30.0, 13.0, 25.0, 11.0, -4.0, 3.0, -2.0, 21.0, 0.0, 22.0, 149.0, 104.0, -1.0, 108.0, 8.0, 44.0, -3.0, 15.0, 207.0, 30.0, 114.0, 24.0, 240.0, 137.0, 47.0, 72.0, 3.0, 6.0, 54.0, 57.0, 158.0, 9.0, 22.0, 28.0, 59.0, 236.0, 29.0, 17.0, 39.0, 70.0, 31.0, 6.0, 83.0, 309.0, 118.0, 26.0, -4.0, 72.0, 42.0, 74.0, 40.0, 19.0, 10.0, 42.0, 33.0, 44.0, 27.0, 42.0, 1.0, 113.0, 257.0, 15.0, 8.0, 3.0, 1.0]",6247.0,62.47,4747,7240,-4.0,12.5,39.0,94.5,317.0
46,4600,"[264.0, 9.0, 54.0, 503.0, 105.0, 157.0, 144.0, 62.0, -2.0, 66.0, 52.0, 51.0, 15.0, 444.0, 247.0, 0.0, 100.0, 87.0, 344.0, 146.0, 83.0, -3.0, 293.0, 17.0, 39.0, 51.0, 9.0, 204.0, 26.0, 153.0, 63.0, 13.0, 279.0, 45.0, 18.0, 70.0, 6.0, 37.0, 84.0, 210.0, 530.0, 30.0, 197.0, 125.0, 347.0, 1.0, 237.0, 133.0, 80.0, 69.0, 23.0, 354.0, 5.0, 6.0, 69.0, 145.0, 195.0, 506.0, 92.0, 501.0, 314.0, 346.0, 126.0, 63.0, 138.0, 188.0, 267.0, 483.0, 174.0, 62.0, 176.0, 68.0, 33.0, -4.0, 228.0, 693.0, 654.0, 41.0, 2.0, 8.0, 33.0, 5.0, 89.0, 310.0, 405.0, 609.0, 165.0, 81.0, 33.0, 204.0, 230.0, 3.0, 4.0, 269.0, 98.0, 131.0, 33.0, 80.0, 114.0, 138.0]",15284.0,152.84,4762,8780,-4.0,33.0,90.5,214.5,693.0
47,4700,"[296.0, 157.0, 14.0, 25.0, 20.0, 56.0, 37.0, 76.0, 78.0, -4.0, 242.0, 60.0, 0.0, 0.0, 31.0, 66.0, 9.0, 218.0, 119.0, 10.0, 201.0, 2.0, 0.0, 150.0, 10.0, 203.0, 102.0, 31.0, 3.0, 292.0, 2.0, 43.0, 2.0, 159.0, 72.0, 137.0, 38.0, 12.0, 22.0, 59.0, 99.0, 157.0, -4.0, 171.0, 12.0, -1.0, 14.0, 25.0, 19.0, 6.0, 110.0, 308.0, 154.0, 13.0, 16.0, 92.0, 9.0, 45.0, 48.0, 29.0, 283.0, 66.0, 30.0, 40.0, 1.0, 112.0, 94.0, 54.0, 34.0, 103.0, 6.0, 106.0, 61.0, 137.0, 315.0, 6.0, 230.0, 172.0, 111.0, 23.0, 312.0, 165.0, 49.0, 51.0, 36.0, 87.0, 86.0, 48.0, 292.0, 74.0, 16.0, 120.0, 5.0, 86.0, 115.0, 75.0, 15.0, 6.0, 18.0, 53.0]",8065.0,80.65,4774,8219,-4.0,14.75,52.0,112.75,315.0
48,4800,"[26.0, 29.0, -3.0, 27.0, 46.0, 3.0, 44.0, 158.0, 10.0, 92.0, 116.0, 1.0, 42.0, 74.0, -4.0, 71.0, 83.0, 5.0, 39.0, 81.0, 8.0, 2.0, 12.0, 12.0, 116.0, 78.0, 20.0, 104.0, 14.0, 32.0, 172.0, 9.0, 132.0, 228.0, 258.0, 66.0, 9.0, 70.0, 24.0, 5.0, 118.0, 9.0, 167.0, 35.0, 7.0, 35.0, 77.0, 12.0, 61.0, 53.0, 6.0, 9.0, -3.0, 50.0, 29.0, 20.0, 33.0, 5.0, 101.0, 17.0, 43.0, 2.0, 48.0, 8.0, 359.0, 39.0, 105.0, 26.0, 44.0, 105.0, 143.0, 47.0, 154.0, 6.0, 21.0, -1.0, 17.0, 62.0, 11.0, 39.0, 265.0, 31.0, -1.0, 2.0, 12.0, 20.0, 135.0, 17.0, 27.0, 120.0, 94.0, 107.0, 10.0, 42.0, 162.0, 77.0, 78.0, 171.0, 6.0, 5.0]",5810.0,58.1,4787,8085,-4.0,10.0,35.0,81.5,359.0
49,4900,"[0.0, 109.0, 625.0, 7.0, 76.0, 63.0, 125.0, 135.0, 81.0, 56.0, 32.0, 55.0, 61.0, 118.0, 92.0, 11.0, 173.0, 263.0, 31.0, 33.0, 327.0, 125.0, 514.0, 16.0, 247.0, 39.0, 271.0, 3.0, 80.0, 656.0, 105.0, 104.0, 262.0, 104.0, 234.0, 131.0, 2.0, 266.0, 315.0, 593.0, 13.0, 285.0, 86.0, 46.0, 419.0, 10.0, 112.0, 86.0, 342.0, 34.0, 227.0, 269.0, 199.0, 149.0, 1.0, 64.0, 398.0, 76.0, 41.0, 658.0, 195.0, 262.0, 14.0, 637.0, 525.0, 4.0, 225.0, 13.0, 234.0, 181.0, 95.0, 119.0, 110.0, 83.0, 218.0, 306.0, 40.0, 313.0, 112.0, 49.0, 172.0, 366.0, 89.0, 309.0, 9.0, 65.0, 200.0, 139.0, 26.0, 465.0, 157.0, 323.0, 104.0, 354.0, 57.0, 148.0, 278.0, 276.0, 68.0, 504.0]",17899.0,178.99,4792,7167,0.0,56.75,118.5,266.75,658.0
50,5000,"[26.0, 25.0, 15.0, 19.0, 1.0, 37.0, 2.0, 11.0, 8.0, 25.0, 12.0, 34.0, 87.0, 30.0, 15.0, 48.0, 47.0, 5.0, 7.0, 40.0, 67.0, 46.0, 10.0, 14.0, 59.0, 53.0, 12.0, -4.0, 19.0, 33.0, 10.0, 57.0, 65.0, -1.0, 42.0, 2.0, -1.0, 9.0, -1.0, 29.0, 55.0, 32.0, 35.0, 18.0, -1.0, 15.0, 53.0, -2.0, 12.0, 59.0, 69.0, 37.0, 9.0, 8.0, 11.0, 59.0, 7.0, 35.0, 63.0, 145.0, 23.0, 93.0, 138.0, 12.0, -1.0, 2.0, 0.0, 0.0, 2.0, 35.0, 29.0, 31.0, 5.0, 63.0, 51.0, 3.0, 152.0, 100.0, 21.0, 56.0, 26.0, 61.0, -3.0, 10.0, 70.0, 8.0, 64.0, 143.0, -1.0, 93.0, 0.0, 2.0, 50.0, 31.0, 48.0, 12.0, 20.0, 37.0, 12.0, 6.0]",3237.0,32.37,4796,7436,-4.0,8.0,24.0,50.25,152.0
51,5100,"[38.0, 21.0, 22.0, 9.0, 7.0, 7.0, -3.0, 108.0, 68.0, 3.0, -3.0, 104.0, -2.0, 13.0, 18.0, 51.0, 88.0, 106.0, 0.0, 9.0, 11.0, 44.0, 54.0, 29.0, 82.0, 32.0, 72.0, 19.0, 91.0, 74.0, 53.0, 30.0, 26.0, 148.0, 35.0, 98.0, 15.0, 41.0, 73.0, 38.0, 157.0, 6.0, 32.0, 15.0, 0.0, 99.0, 52.0, 0.0, 125.0, 174.0, 51.0, 18.0, 18.0, 6.0, 65.0, 45.0, 79.0, 45.0, 41.0, 54.0, 36.0, 79.0, 53.0, 54.0, 6.0, 4.0, 2.0, 34.0, 45.0, 69.0, 25.0, 36.0, 59.0, 85.0, 76.0, 32.0, 27.0, 62.0, 60.0, 53.0, 37.0, 21.0, -1.0, 31.0, -3.0, 20.0, 68.0, 39.0, -2.0, 13.0, 8.0, 13.0, 25.0, 13.0, 2.0, 54.0, 7.0, 50.0, 37.0, 96.0]",4236.0,42.36,4802,6366,-3.0,13.0,36.0,60.5,174.0
52,5200,"[156.0, 62.0, 26.0, 14.0, 294.0, 56.0, 99.0, -3.0, 433.0, 39.0, 66.0, -2.0, 0.0, 110.0, 105.0, 71.0, 54.0, 56.0, 22.0, 53.0, 180.0, -4.0, 171.0, 189.0, 77.0, 42.0, 34.0, 24.0, 217.0, 20.0, 152.0, 33.0, 181.0, 3.0, 118.0, 287.0, 417.0, 57.0, 110.0, 228.0, 110.0, 184.0, 116.0, 45.0, 36.0, 65.0, 80.0, 60.0, 42.0, 15.0, 2.0, -1.0, 29.0, 2.0, 20.0, 210.0, 117.0, 105.0, 27.0, 192.0, 137.0, 159.0, 164.0, 21.0, 174.0, 123.0, 33.0, 398.0, 206.0, 53.0, 24.0, 15.0, 264.0, 6.0, 377.0, 50.0, 162.0, 2.0, -3.0, 39.0, 137.0, 97.0, 190.0, 40.0, 300.0, 9.0, 80.0, 62.0, 84.0, 26.0, 521.0, 60.0, 191.0, 213.0, 83.0, 83.0, 102.0, 53.0, 10.0, 6.0]",10454.0,104.54,4810,8165,-4.0,26.75,65.5,159.75,521.0
53,5300,"[63.0, 128.0, 104.0, 5.0, 179.0, 116.0, 54.0, 15.0, -1.0, 29.0, 146.0, 356.0, 80.0, 432.0, 12.0, 71.0, 69.0, 33.0, 206.0, 116.0, 123.0, 59.0, 506.0, 315.0, 284.0, 29.0, 69.0, 327.0, 282.0, 48.0, 263.0, 2.0, 191.0, 32.0, 87.0, 26.0, 117.0, 24.0, 68.0, 105.0, 26.0, 5.0, 239.0, 99.0, 215.0, 189.0, 323.0, 213.0, 198.0, 255.0, 29.0, 185.0, 44.0, 228.0, 240.0, 228.0, 186.0, 311.0, 56.0, 45.0, 150.0, 465.0, 81.0, 53.0, 32.0, 405.0, 155.0, 35.0, 330.0, 236.0, 23.0, 66.0, 104.0, 423.0, 176.0, 519.0, 122.0, 92.0, 312.0, 36.0, -3.0, 8.0, 17.0, 98.0, 225.0, 567.0, 282.0, 80.0, 48.0, 77.0, 47.0, 377.0, 18.0, 50.0, 506.0, 104.0, 338.0, 89.0, 29.0, 174.0]",15430.0,154.3,4817,8266,-3.0,46.5,104.0,230.0,567.0
54,5400,"[16.0, 38.0, -5.0, 71.0, 2.0, 40.0, 41.0, 14.0, 11.0, 11.0, 166.0, 1.0, 5.0, 15.0, -2.0, 6.0, 147.0, 102.0, -5.0, 6.0, 10.0, 19.0, 100.0, 17.0, 36.0, 4.0, 6.0, 146.0, 8.0, -2.0, 9.0, -1.0, 7.0, 8.0, -5.0, -5.0, 4.0, 24.0, 48.0, 129.0, 3.0, -5.0, 96.0, 2.0, 14.0, -3.0, 28.0, 38.0, 66.0, -5.0, 74.0, 96.0, 0.0, 40.0, 19.0, 18.0, 20.0, 85.0, 54.0, 224.0, -5.0, 15.0, 7.0, -5.0, 12.0, 58.0, 14.0, 66.0, 44.0, 6.0, 30.0, -5.0, 63.0, -2.0, 54.0, 41.0, 94.0, 44.0, 0.0, 74.0, 50.0, -5.0, 113.0, 0.0, -5.0, -5.0, -2.0, 63.0, -5.0, 16.0, 7.0, -1.0, -5.0, -5.0, 69.0, 2.0, -5.0, 2.0, -5.0, 36.0]",3026.0,30.26,4823,6793,-5.0,0.0,13.0,45.0,224.0
55,5500,"[6.0, 159.0, 21.0, 30.0, 51.0, 65.0, 180.0, 33.0, 185.0, 92.0, 80.0, 9.0, 56.0, 62.0, -4.0, 81.0, 596.0, 152.0, 2.0, 87.0, 132.0, 11.0, 80.0, 298.0, 250.0, 38.0, 41.0, -3.0, 99.0, 50.0, 114.0, 87.0, 27.0, 62.0, 137.0, 77.0, 9.0, 50.0, 15.0, 30.0, 108.0, 66.0, 108.0, 38.0, 17.0, 92.0, 21.0, -1.0, 90.0, -1.0, 45.0, 258.0, 134.0, 24.0, 86.0, 42.0, 27.0, 381.0, 78.0, 137.0, 206.0, 81.0, -1.0, 50.0, 132.0, 215.0, 135.0, 27.0, 50.0, 408.0, 261.0, 62.0, 77.0, 26.0, 84.0, 278.0, 509.0, 21.0, 14.0, 38.0, 162.0, 93.0, 171.0, 51.0, 173.0, 140.0, 14.0, 237.0, 93.0, 33.0, 65.0, 6.0, 86.0, 24.0, 21.0, 78.0, 53.0, 162.0, 221.0, 99.0]",9952.0,99.52,4828,7530,-4.0,29.25,77.0,134.25,596.0
56,5600,"[23.0, 10.0, -1.0, 16.0, 2.0, 7.0, 21.0, 7.0, 7.0, -3.0, 1.0, 4.0, -3.0, 0.0, 41.0, 19.0, 1.0, -3.0, 3.0, 26.0, 1.0, 10.0, 21.0, -1.0, -3.0, 10.0, 12.0, 22.0, -2.0, 11.0, -3.0, -1.0, 16.0, 7.0, 1.0, 12.0, 22.0, -3.0, 22.0, -1.0, 17.0, 4.0, 7.0, 5.0, 1.0, 11.0, 4.0, 12.0, -2.0, 2.0, -3.0, 17.0, 1.0, 4.0, 0.0, 4.0, 2.0, 1.0, 4.0, 1.0, 9.0, -3.0, 2.0, 1.0, 25.0, 4.0, 6.0, 55.0, 0.0, 1.0, -1.0, -2.0, 10.0, 0.0, 4.0, -2.0, -2.0, 3.0, -2.0, 6.0, 3.0, 0.0, 12.0, 10.0, -3.0, 15.0, 0.0, -1.0, 6.0, 1.0, 29.0, 1.0, -2.0, 2.0, 7.0, 17.0, 4.0, -2.0, 16.0, 1.0]",653.0,6.53,4831,7595,-3.0,0.0,3.5,10.25,55.0
57,5700,"[32.0, 58.0, 147.0, 116.0, 0.0, 54.0, 73.0, 230.0, 0.0, 5.0, 58.0, 92.0, 81.0, 391.0, 234.0, 92.0, 60.0, 56.0, 27.0, 51.0, 13.0, 66.0, 54.0, 378.0, 1.0, -4.0, 3.0, 30.0, 152.0, 160.0, 180.0, 126.0, -1.0, 94.0, 61.0, 157.0, 106.0, 165.0, 35.0, 5.0, 8.0, 108.0, 21.0, 165.0, 62.0, 20.0, 29.0, 26.0, 63.0, 132.0, 78.0, -3.0, 33.0, 44.0, 38.0, 24.0, 218.0, 348.0, 110.0, 44.0, 110.0, 107.0, 193.0, 66.0, 304.0, 92.0, 41.0, 36.0, 3.0, 20.0, 30.0, 29.0, 12.0, 17.0, 30.0, 306.0, 363.0, 63.0, 37.0, 95.0, 40.0, 88.0, 34.0, 24.0, 5.0, 76.0, 27.0, 261.0, 80.0, 19.0, 11.0, 31.0, 14.0, 26.0, 12.0, 26.0, 42.0, 112.0, 184.0, 71.0]",8343.0,83.43,4835,6394,-4.0,26.0,55.0,108.5,391.0
58,5800,"[0.0, 57.0, 13.0, 6.0, 23.0, 15.0, -3.0, 23.0, 3.0, 28.0, 28.0, 33.0, 9.0, 82.0, 11.0, 83.0, 70.0, 26.0, 8.0, 40.0, 13.0, 61.0, 6.0, 6.0, 37.0, 22.0, 68.0, 47.0, 21.0, 17.0, 0.0, 36.0, 16.0, 8.0, 6.0, 15.0, 6.0, -4.0, 37.0, 30.0, 24.0, 11.0, -2.0, 14.0, 14.0, 14.0, 42.0, 4.0, 5.0, 20.0, 21.0, 5.0, 8.0, -3.0, 38.0, 69.0, 7.0, 12.0, 15.0, 2.0, 8.0, 27.0, -1.0, 33.0, -2.0, 2.0, 10.0, -3.0, 50.0, 117.0, 31.0, 11.0, 17.0, 3.0, -3.0, 68.0, 26.0, 86.0, 16.0, 33.0, 1.0, 10.0, 20.0, 25.0, 47.0, 30.0, 14.0, 9.0, 5.0, 22.0, 8.0, 10.0, 34.0, 27.0, 10.0, 15.0, 14.0, 3.0, 46.0, 6.0]",2208.0,22.08,4843,8349,-4.0,6.0,15.0,30.25,117.0
59,5900,"[3.0, 61.0, 230.0, 315.0, 51.0, 33.0, 281.0, 74.0, 95.0, 35.0, 695.0, 36.0, 128.0, 47.0, -3.0, 165.0, 24.0, 465.0, 95.0, 342.0, 81.0, 219.0, -4.0, 152.0, 218.0, 685.0, 119.0, 476.0, 109.0, 118.0, 93.0, 174.0, 46.0, 27.0, 153.0, 276.0, 252.0, 264.0, 247.0, 227.0, -1.0, 337.0, 32.0, 66.0, 210.0, 87.0, 99.0, 730.0, 306.0, 99.0, -4.0, 415.0, 58.0, 114.0, 240.0, 9.0, 31.0, 218.0, 195.0, 343.0, 4.0, 9.0, 302.0, 47.0, 9.0, 198.0, 54.0, 12.0, 459.0, 595.0, 51.0, 241.0, 71.0, 342.0, 55.0, 1.0, 255.0, 11.0, 9.0, 267.0, 85.0, 217.0, 321.0, 30.0, 108.0, 63.0, 395.0, 199.0, 333.0, 50.0, 20.0, 20.0, 216.0, 170.0, 138.0, 375.0, 314.0, 5.0, 41.0, 5.0]",16785.0,167.85,4850,9234,-4.0,39.75,111.5,252.75,730.0
60,6000,"[4.0, 2.0, 67.0, 4.0, 140.0, 153.0, 51.0, 26.0, 63.0, 112.0, 121.0, 15.0, 20.0, 96.0, 14.0, 50.0, 10.0, 82.0, 49.0, 28.0, 49.0, 7.0, 51.0, 151.0, 36.0, 45.0, 11.0, 14.0, -4.0, -2.0, 107.0, 7.0, 2.0, 27.0, 3.0, 10.0, 51.0, 36.0, 3.0, 13.0, -1.0, 31.0, 0.0, 89.0, 24.0, -2.0, 33.0, 9.0, 3.0, 3.0, 8.0, -4.0, 4.0, 72.0, 13.0, 5.0, 57.0, 10.0, 44.0, 29.0, 8.0, 1.0, 12.0, 7.0, 24.0, -1.0, 19.0, 0.0, 48.0, 16.0, 42.0, 6.0, 114.0, 31.0, -4.0, 11.0, 9.0, 7.0, 7.0, -1.0, 11.0, 0.0, 24.0, 4.0, 7.0, 2.0, 53.0, 13.0, 20.0, 7.0, 8.0, 40.0, 52.0, 93.0, 0.0, 10.0, 16.0, 11.0, 4.0, 33.0]",2915.0,29.15,4856,8154,-4.0,4.75,13.0,44.25,153.0
61,6100,"[1.0, 8.0, 180.0, 25.0, 163.0, 49.0, 17.0, 40.0, 173.0, 76.0, 62.0, 3.0, 90.0, 27.0, -3.0, 236.0, 0.0, -2.0, 12.0, -4.0, 121.0, 132.0, -4.0, 70.0, 83.0, 10.0, 65.0, 20.0, 44.0, 2.0, 31.0, 43.0, 1.0, 71.0, 41.0, 13.0, 15.0, 137.0, -2.0, 78.0, 68.0, 70.0, 42.0, 26.0, 10.0, 121.0, 30.0, 14.0, 144.0, 64.0, 108.0, 50.0, 1.0, 47.0, 43.0, 31.0, 20.0, 67.0, 406.0, 48.0, 8.0, 174.0, 8.0, 10.0, 10.0, 50.0, 38.0, 28.0, 215.0, 7.0, 46.0, 69.0, 0.0, 4.0, 28.0, 85.0, 28.0, 21.0, 41.0, 0.0, 55.0, 124.0, 34.0, 148.0, 13.0, 14.0, -4.0, 85.0, 123.0, 44.0, 126.0, 19.0, 26.0, 78.0, 72.0, 36.0, 69.0, 89.0, 139.0, 31.0]",5725.0,57.25,4860,7753,-4.0,13.0,41.0,76.5,406.0
62,6200,"[59.0, 6.0, 54.0, -4.0, 4.0, 57.0, 20.0, 9.0, 206.0, -2.0, -1.0, 72.0, 16.0, 37.0, 9.0, -3.0, -2.0, 31.0, 133.0, 76.0, 14.0, 14.0, 63.0, 7.0, 66.0, 102.0, -4.0, 1.0, 6.0, 105.0, -3.0, 188.0, 52.0, -2.0, 51.0, 161.0, 39.0, 4.0, 117.0, 31.0, 22.0, -3.0, 2.0, 109.0, 33.0, 54.0, -4.0, 22.0, 94.0, -3.0, -4.0, 22.0, 27.0, 51.0, 35.0, 82.0, 71.0, 135.0, 55.0, -4.0, -3.0, 23.0, -4.0, 80.0, 20.0, 35.0, -4.0, -3.0, 150.0, 64.0, 108.0, 124.0, 42.0, 17.0, 18.0, 39.0, -2.0, -3.0, 46.0, 89.0, 233.0, 75.0, 19.0, 16.0, 3.0, 100.0, -2.0, -1.0, 5.0, 45.0, 113.0, 35.0, -4.0, 14.0, 207.0, -1.0, 78.0, -3.0, 1.0, 83.0]",4437.0,44.37,4867,7455,-4.0,1.0,25.0,71.25,233.0
63,6300,"[94.0, 48.0, 18.0, 520.0, 136.0, 15.0, 186.0, 235.0, 61.0, 30.0, 93.0, 215.0, 13.0, 159.0, 277.0, 225.0, 58.0, 40.0, 545.0, 80.0, 4.0, 5.0, 76.0, 16.0, 121.0, 153.0, 83.0, 395.0, -1.0, 313.0, 147.0, 43.0, 58.0, 8.0, 1.0, 91.0, 58.0, 126.0, 25.0, 209.0, 115.0, 95.0, 42.0, 569.0, 232.0, 91.0, 25.0, 102.0, 168.0, 18.0, 241.0, 316.0, 229.0, 42.0, 205.0, 79.0, 9.0, 225.0, 104.0, 40.0, 170.0, 49.0, 110.0, 16.0, 69.0, 94.0, 257.0, 240.0, 79.0, 105.0, 49.0, 9.0, 73.0, 56.0, 51.0, 1.0, 22.0, 96.0, 191.0, 83.0, 75.0, 117.0, 24.0, 185.0, 298.0, 208.0, 27.0, 188.0, 144.0, 104.0, 166.0, 801.0, 79.0, 537.0, 519.0, 262.0, 3.0, 270.0, 77.0, 289.0]",14119.0,141.19,4873,9496,-1.0,42.75,94.0,205.75,801.0
64,6400,"[56.0, 117.0, 24.0, 125.0, 131.0, 607.0, 40.0, 10.0, 315.0, -1.0, 56.0, 107.0, 441.0, 64.0, 8.0, 90.0, 37.0, 29.0, 4.0, 295.0, 155.0, 7.0, 383.0, 101.0, 73.0, 415.0, 51.0, 33.0, 81.0, 122.0, 157.0, 6.0, 34.0, 44.0, 69.0, 41.0, 187.0, 56.0, 222.0, 65.0, 47.0, 42.0, 111.0, 145.0, 51.0, 50.0, 83.0, 148.0, 165.0, 94.0, 8.0, 2.0, 66.0, 94.0, 84.0, 46.0, 30.0, 8.0, 11.0, 117.0, 20.0, 173.0, 72.0, 17.0, 123.0, 89.0, 126.0, -1.0, 253.0, 41.0, 131.0, 7.0, 43.0, 130.0, 77.0, 82.0, 251.0, 110.0, 59.0, 226.0, 161.0, 88.0, 30.0, 3.0, 50.0, 181.0, 43.0, 21.0, 170.0, 136.0, 26.0, 57.0, 200.0, 372.0, 36.0, 64.0, 110.0, 300.0, 70.0, 89.0]",10495.0,104.95,4878,8539,-1.0,39.25,72.5,131.0,607.0
65,6500,"[-1.0, 150.0, 77.0, 15.0, 46.0, 108.0, 96.0, 33.0, 416.0, 9.0, 36.0, 87.0, 18.0, 620.0, 129.0, 140.0, 65.0, 90.0, 389.0, 6.0, 294.0, 56.0, 79.0, 320.0, 29.0, 2.0, 83.0, 33.0, 207.0, 59.0, 32.0, 116.0, 392.0, 116.0, 5.0, 9.0, 162.0, 87.0, 17.0, 130.0, 18.0, 32.0, 3.0, 83.0, 218.0, 180.0, 342.0, 15.0, 84.0, 62.0, 69.0, 12.0, 36.0, 30.0, 15.0, 22.0, 12.0, 8.0, 273.0, 6.0, 44.0, 125.0, 122.0, 31.0, 539.0, 71.0, 71.0, 9.0, 29.0, 60.0, 106.0, 44.0, 21.0, 168.0, 141.0, 77.0, 36.0, 15.0, 207.0, 144.0, 246.0, 29.0, 41.0, 11.0, 30.0, 59.0, -4.0, 24.0, 5.0, 56.0, 134.0, 120.0, 0.0, 83.0, 50.0, 5.0, 254.0, 9.0, 39.0, 204.0]",9732.0,97.32,4882,8704,-4.0,20.25,59.0,126.0,620.0
66,6600,"[363.0, 9.0, 286.0, 4.0, 185.0, 31.0, 501.0, 254.0, 216.0, 129.0, 114.0, 212.0, 23.0, 43.0, 122.0, 234.0, 159.0, 54.0, 133.0, 390.0, 125.0, -2.0, 14.0, 89.0, 633.0, 299.0, 62.0, 26.0, 399.0, 63.0, 38.0, 6.0, 318.0, 57.0, 433.0, 365.0, 232.0, 204.0, 18.0, 51.0, 204.0, 312.0, 774.0, 44.0, -2.0, 172.0, 200.0, 255.0, 15.0, 182.0, 39.0, 491.0, 23.0, 365.0, 26.0, 804.0, 87.0, 16.0, 42.0, 27.0, 1053.0, 60.0, 141.0, 351.0, 66.0, 217.0, 123.0, 359.0, 20.0, 113.0, 299.0, 89.0, 32.0, 737.0, 30.0, 21.0, 51.0, 69.0, 143.0, 5.0, 71.0, 32.0, 159.0, 2.0, 159.0, 153.0, 108.0, 263.0, 352.0, 600.0, 32.0, 242.0, 236.0, 117.0, 2.0, 23.0, 369.0, 401.0, 228.0, 108.0]",18604.0,186.04,4882,9309,-2.0,36.5,124.0,257.0,1053.0
67,6700,"[111.0, 5.0, 125.0, 0.0, 63.0, 35.0, 21.0, 140.0, 162.0, 191.0, 56.0, 206.0, 231.0, 18.0, 18.0, 42.0, -2.0, -2.0, 377.0, 47.0, 281.0, 176.0, 32.0, 60.0, 31.0, 246.0, 156.0, 11.0, 203.0, 11.0, 153.0, 102.0, 305.0, 315.0, 105.0, 7.0, 354.0, 81.0, 176.0, 0.0, 107.0, 19.0, 195.0, 420.0, 6.0, 125.0, 41.0, 47.0, 231.0, 445.0, 273.0, 198.0, 32.0, 226.0, 26.0, 580.0, 224.0, 117.0, 120.0, 86.0, 122.0, 141.0, 201.0, 105.0, 183.0, 198.0, 385.0, 214.0, 536.0, 245.0, 35.0, 111.0, 13.0, 0.0, 47.0, 215.0, 1.0, 228.0, 297.0, 465.0, 220.0, 290.0, 19.0, 139.0, 0.0, 69.0, 99.0, 20.0, 128.0, 276.0, 228.0, 41.0, 260.0, 209.0, 173.0, 40.0, 152.0, 6.0, 2.0, 59.0]",14339.0,143.39,4890,9843,-2.0,34.25,121.0,216.25,580.0
68,6800,"[77.0, 94.0, 49.0, 46.0, 10.0, 34.0, 25.0, 28.0, 70.0, 87.0, 5.0, 15.0, 46.0, 89.0, 15.0, 76.0, 4.0, 49.0, 6.0, 42.0, 11.0, 149.0, 168.0, 105.0, 33.0, 34.0, 81.0, 79.0, 55.0, 7.0, 67.0, 4.0, 20.0, 47.0, 17.0, 16.0, 61.0, 15.0, 76.0, 39.0, 19.0, 94.0, 58.0, -1.0, 13.0, 22.0, 16.0, 51.0, 69.0, 70.0, 25.0, 121.0, 41.0, 19.0, 124.0, 26.0, 0.0, 23.0, -3.0, 71.0, -4.0, -2.0, 40.0, 23.0, 25.0, 48.0, 16.0, 98.0, 64.0, 9.0, -3.0, 61.0, 100.0, 62.0, 7.0, 63.0, 48.0, 56.0, 4.0, 98.0, 58.0, 7.0, 13.0, 21.0, 30.0, 1.0, 13.0, 32.0, 22.0, 110.0, 51.0, 7.0, 4.0, 121.0, 49.0, 14.0, 154.0, 91.0, 15.0, 25.0]",4460.0,44.6,4894,7659,-4.0,15.0,34.0,67.5,168.0
69,6900,"[272.0, 212.0, 99.0, 350.0, 267.0, 783.0, 1051.0, 111.0, 750.0, 651.0, 185.0, 0.0, 6.0, -3.0, 237.0, 254.0, 115.0, 56.0, 536.0, -3.0, 362.0, 93.0, 138.0, 177.0, 1162.0, 158.0, 79.0, 212.0, 402.0, 2659.0, 101.0, 529.0, 1097.0, 577.0, 101.0, 125.0, 162.0, 16.0, 54.0, -3.0, 368.0, 29.0, 360.0, 1515.0, 280.0, 138.0, 320.0, 370.0, 234.0, 408.0, 211.0, 700.0, 88.0, 633.0, 8.0, 825.0, 195.0, 108.0, 162.0, 844.0, 117.0, 1463.0, 374.0, 756.0, -2.0, 624.0, 157.0, 411.0, -3.0, 243.0, 1825.0, 28.0, 123.0, -3.0, 132.0, 90.0, 213.0, 661.0, 256.0, 336.0, 392.0, 152.0, 512.0, 159.0, 492.0, 99.0, 365.0, 564.0, 171.0, 20.0, 327.0, 264.0, 321.0, 43.0, 246.0, 387.0, 0.0, 206.0, 84.0, 41.0]",34572.0,345.72,4897,7132,-3.0,100.5,212.5,403.5,2659.0
70,7000,"[276.0, 15.0, 38.0, 788.0, 78.0, 27.0, 842.0, 263.0, 248.0, 20.0, 303.0, 23.0, 0.0, 226.0, 276.0, 321.0, 207.0, 221.0, 3.0, 33.0, 92.0, 69.0, 186.0, 227.0, 24.0, 435.0, 147.0, 495.0, 500.0, 54.0, 228.0, 813.0, 165.0, 173.0, 32.0, 108.0, 192.0, 98.0, 245.0, 290.0, 152.0, 109.0, 35.0, 69.0, 111.0, 600.0, 38.0, 228.0, 149.0, 282.0, 357.0, 56.0, 174.0, 99.0, 155.0, 312.0, 149.0, 197.0, 248.0, 17.0, 78.0, 96.0, 87.0, 107.0, 212.0, 201.0, 45.0, 1.0, 48.0, 29.0, 32.0, 110.0, 189.0, 64.0, 729.0, 255.0, 116.0, 311.0, 29.0, 137.0, 542.0, 56.0, 651.0, 279.0, 449.0, 188.0, 62.0, 137.0, 612.0, 26.0, 248.0, 545.0, 29.0, 239.0, 249.0, 51.0, 414.0, 128.0, 23.0, 678.0]",20800.0,208.0,4904,7498,0.0,56.0,153.5,266.25,842.0
71,7100,"[230.0, 96.0, 281.0, 203.0, 16.0, 473.0, 24.0, 70.0, 108.0, 62.0, 53.0, 4.0, 177.0, 11.0, 212.0, -3.0, 38.0, 1.0, 87.0, 198.0, 75.0, 78.0, 101.0, 356.0, 13.0, 37.0, 96.0, 3.0, 236.0, 294.0, 31.0, 32.0, 42.0, -1.0, 34.0, 748.0, 79.0, -2.0, 109.0, 112.0, 156.0, 10.0, 226.0, 37.0, 86.0, 13.0, 400.0, 9.0, 62.0, 40.0, 88.0, 143.0, 37.0, 14.0, 307.0, 28.0, 12.0, 10.0, 237.0, 284.0, -3.0, 301.0, 13.0, 114.0, 88.0, 61.0, 4.0, 21.0, 58.0, 457.0, 66.0, 259.0, 188.0, 34.0, 466.0, 37.0, 235.0, 34.0, 37.0, 24.0, 108.0, 112.0, 34.0, 46.0, 164.0, 0.0, 37.0, 210.0, 222.0, 7.0, 9.0, 305.0, 2.0, 196.0, 34.0, 54.0, 13.0, 537.0, 53.0, 86.0]",11736.0,117.36,4910,8306,-3.0,24.0,62.0,190.0,748.0
72,7200,"[99.0, 35.0, 60.0, 271.0, 563.0, 255.0, 187.0, 372.0, 241.0, 848.0, 375.0, 584.0, 319.0, 12.0, 23.0, 146.0, 9.0, 323.0, 126.0, 261.0, 974.0, 60.0, 218.0, 65.0, 150.0, 377.0, 114.0, 56.0, 828.0, 161.0, 701.0, 26.0, -1.0, 308.0, 338.0, 399.0, 110.0, 95.0, 192.0, 53.0, 373.0, 111.0, 93.0, 116.0, 722.0, 206.0, 60.0, 75.0, 56.0, 113.0, 207.0, 269.0, 92.0, 110.0, 818.0, 55.0, 99.0, 308.0, 134.0, 722.0, 248.0, 54.0, 186.0, 165.0, 221.0, 527.0, 300.0, 134.0, 93.0, 241.0, 38.0, 660.0, 174.0, 214.0, 1497.0, 66.0, 102.0, 33.0, 155.0, 35.0, 249.0, 391.0, 30.0, 65.0, 791.0, 20.0, 203.0, 102.0, 134.0, 150.0, 29.0, 41.0, 650.0, 90.0, 213.0, 95.0, 48.0, 159.0, 20.0, 3.0]",23698.0,236.98,4911,6819,-1.0,65.0,150.0,302.0,1497.0
73,7300,"[278.0, 793.0, 1022.0, 118.0, 1388.0, 257.0, 65.0, 339.0, 942.0, 894.0, 60.0, 90.0, 219.0, -3.0, 34.0, 320.0, 333.0, 1443.0, 1063.0, 706.0, 87.0, 222.0, 8.0, 1988.0, 30.0, 286.0, 1311.0, 63.0, -1.0, 5.0, 135.0, 306.0, 322.0, 337.0, 119.0, 259.0, 475.0, 143.0, 964.0, 1063.0, 70.0, 90.0, 290.0, 181.0, 474.0, 618.0, 210.0, 52.0, 608.0, 163.0, 345.0, 369.0, 351.0, 270.0, 277.0, 53.0, 978.0, 510.0, 381.0, 346.0, 232.0, 343.0, 77.0, 637.0, 1165.0, 145.0, 595.0, 10.0, 606.0, 247.0, 288.0, 153.0, 392.0, 741.0, 121.0, 417.0, 484.0, 158.0, 168.0, 499.0, 54.0, 690.0, 1071.0, 1201.0, 230.0, 499.0, 122.0, 375.0, 525.0, 212.0, 263.0, 251.0, 58.0, 268.0, 292.0, 56.0, 205.0, 350.0, 96.0, 310.0]",39725.0,397.25,4916,9474,-3.0,131.75,287.0,501.75,1988.0
74,7400,"[0.0, 14.0, 99.0, 145.0, 53.0, 6.0, 26.0, 6.0, 96.0, 77.0, 98.0, 17.0, 9.0, -1.0, 12.0, 24.0, 6.0, 26.0, -1.0, 47.0, 5.0, 144.0, 20.0, -1.0, 48.0, -3.0, 41.0, 56.0, 20.0, 77.0, 53.0, 14.0, 5.0, 8.0, 15.0, 9.0, 6.0, 23.0, 182.0, 23.0, -1.0, 59.0, 6.0, 21.0, 17.0, 56.0, 78.0, 60.0, 227.0, 17.0, 53.0, 12.0, 9.0, 24.0, 5.0, 54.0, 0.0, 3.0, 67.0, 2.0, 5.0, 32.0, 6.0, 108.0, 3.0, 26.0, 113.0, 14.0, 15.0, 59.0, 0.0, 57.0, 24.0, -3.0, 86.0, -1.0, 11.0, 36.0, 12.0, 12.0, 66.0, -1.0, 26.0, 33.0, 11.0, 11.0, 12.0, 62.0, 29.0, 8.0, 11.0, 12.0, 75.0, 105.0, 18.0, 54.0, 51.0, 90.0, -1.0, 5.0]",3565.0,35.65,4917,8912,-3.0,6.0,19.0,54.5,227.0
75,7500,"[90.0, 12.0, 685.0, 206.0, 101.0, 21.0, 15.0, 288.0, 38.0, 308.0, 157.0, 193.0, -1.0, 51.0, 204.0, 82.0, 161.0, 128.0, 18.0, 45.0, 73.0, 244.0, 119.0, 36.0, 17.0, 86.0, 95.0, 24.0, 27.0, 151.0, 66.0, 86.0, 641.0, 77.0, 26.0, 171.0, 31.0, 155.0, 53.0, 92.0, 215.0, 170.0, 36.0, 66.0, 296.0, 45.0, 276.0, 95.0, 105.0, 82.0, 61.0, 42.0, 236.0, 47.0, 222.0, 116.0, 188.0, 123.0, 102.0, 87.0, 70.0, 3.0, 32.0, 1.0, 365.0, 160.0, 28.0, 45.0, 343.0, 2.0, 291.0, 17.0, 32.0, 5.0, 2.0, 69.0, 372.0, 18.0, 15.0, 95.0, 78.0, 17.0, 183.0, 12.0, 50.0, 137.0, 191.0, 274.0, 46.0, 253.0, 109.0, 0.0, 162.0, 66.0, 237.0, 61.0, 87.0, 309.0, 92.0, 58.0]",12069.0,120.69,4920,8538,-1.0,36.0,86.0,170.25,685.0
76,7600,"[2146.0, 169.0, 117.0, 508.0, 365.0, 461.0, 249.0, 9.0, 1270.0, 265.0, 184.0, 149.0, 79.0, 259.0, 188.0, 972.0, 48.0, 453.0, 327.0, 40.0, 151.0, 171.0, 105.0, 1923.0, 296.0, 490.0, 640.0, 354.0, 650.0, 73.0, 306.0, 718.0, 108.0, 782.0, 1109.0, 67.0, 85.0, 431.0, 1145.0, 361.0, 2670.0, 497.0, 1479.0, 292.0, 542.0, 164.0, 36.0, 298.0, 54.0, 158.0, 1296.0, 735.0, -2.0, 97.0, 17.0, 208.0, 271.0, 703.0, 637.0, 341.0, 364.0, 19.0, 383.0, 124.0, 820.0, 162.0, 369.0, 81.0, 204.0, 599.0, 309.0, 139.0, 171.0, 116.0, 1698.0, 46.0, 213.0, 1365.0, 272.0, 372.0, 166.0, 947.0, 293.0, 698.0, 232.0, 414.0, 52.0, 901.0, 588.0, 41.0, 286.0, 464.0, 357.0, 288.0, 325.0, 84.0, 148.0, 972.0, 1119.0, 340.0]",45257.0,452.57,4924,9398,-2.0,148.75,297.0,590.75,2670.0
77,7700,"[1173.0, 383.0, 512.0, 924.0, 50.0, 613.0, 197.0, 62.0, 15.0, 194.0, 501.0, 1079.0, 66.0, 614.0, 24.0, 93.0, 2379.0, 19.0, 2393.0, 827.0, 752.0, 117.0, 261.0, 24.0, 558.0, 2003.0, 1833.0, 536.0, 197.0, 363.0, 405.0, 335.0, 216.0, 1829.0, 1263.0, 104.0, 90.0, 22.0, 360.0, 1652.0, 470.0, 888.0, 1178.0, 1328.0, 1566.0, 166.0, 161.0, 2185.0, 2037.0, 80.0, 1446.0, 387.0, 987.0, 888.0, 417.0, 321.0, 357.0, 161.0, 982.0, 3138.0, 21.0, 86.0, 86.0, 710.0, 56.0, 273.0, 3.0, 108.0, 360.0, 801.0, 972.0, 2040.0, 1193.0, 830.0, 165.0, 913.0, 158.0, 214.0, 80.0, 777.0, 2291.0, 614.0, 743.0, 203.0, 63.0, 1406.0, 66.0, 147.0, 591.0, 459.0, 110.0, 540.0, 20.0, 693.0, 384.0, 800.0, 1697.0, 1279.0, 1399.0, 69.0]",67601.0,676.01,4925,7097,3.0,139.5,438.0,974.5,3138.0
78,7800,"[101.0, 104.0, 114.0, 101.0, 93.0, 18.0, 219.0, 504.0, 531.0, 464.0, 26.0, 191.0, 221.0, 49.0, 206.0, 39.0, 42.0, 194.0, 173.0, 297.0, 154.0, 196.0, 35.0, 460.0, 139.0, 525.0, 264.0, 191.0, 22.0, 248.0, 206.0, 506.0, 422.0, 1071.0, 69.0, 236.0, 77.0, 6.0, 115.0, 149.0, 462.0, 77.0, 65.0, 136.0, 28.0, 213.0, 389.0, 111.0, 117.0, 51.0, 275.0, 6.0, 117.0, 204.0, 428.0, 134.0, 54.0, 43.0, 285.0, 33.0, 178.0, 200.0, 72.0, 51.0, 101.0, 90.0, 26.0, 174.0, 15.0, 117.0, 431.0, 254.0, 330.0, 35.0, 597.0, 251.0, 129.0, 149.0, 374.0, 101.0, 21.0, 411.0, 2.0, 95.0, 103.0, 110.0, 209.0, 165.0, 122.0, 99.0, 57.0, 11.0, 63.0, 135.0, 63.0, 656.0, 26.0, 470.0, -1.0, 264.0]",18762.0,187.62,4929,9423,-1.0,63.0,131.5,248.75,1071.0
79,7900,"[62.0, 20.0, 241.0, 183.0, 168.0, 331.0, 60.0, 16.0, 149.0, 341.0, 272.0, 155.0, 183.0, 43.0, 192.0, 152.0, 3.0, 11.0, 105.0, 113.0, 57.0, 14.0, 305.0, 43.0, 305.0, 10.0, 57.0, 173.0, 62.0, 17.0, 236.0, 8.0, 2.0, 138.0, 68.0, 242.0, 12.0, 24.0, 38.0, 85.0, 479.0, 51.0, 18.0, 150.0, 147.0, 120.0, 43.0, 132.0, 34.0, 13.0, 171.0, 84.0, 7.0, 7.0, 107.0, 224.0, 5.0, 15.0, 46.0, 180.0, 65.0, 124.0, 207.0, 48.0, 64.0, 3.0, 9.0, 35.0, 32.0, 72.0, 39.0, 58.0, 22.0, 188.0, 34.0, 213.0, 83.0, 39.0, 51.0, 199.0, 10.0, 120.0, 39.0, 228.0, 59.0, 32.0, 168.0, 99.0, 56.0, 97.0, 324.0, 10.0, 406.0, 47.0, 36.0, 10.0, 178.0, 126.0, 262.0, 489.0]",11110.0,111.1,4934,8159,2.0,33.5,64.5,171.5,489.0
80,8000,"[332.0, 188.0, 435.0, 6.0, 16.0, 132.0, 37.0, 661.0, 732.0, 614.0, 20.0, 190.0, 62.0, 120.0, 358.0, 222.0, 104.0, 335.0, 375.0, 17.0, 368.0, 129.0, 224.0, 615.0, 8.0, 1.0, 36.0, 63.0, 27.0, 335.0, 15.0, 13.0, 178.0, 271.0, 188.0, 6.0, 27.0, 306.0, -1.0, 20.0, 690.0, 800.0, 47.0, 39.0, 238.0, 203.0, 21.0, 203.0, 142.0, 132.0, 89.0, 48.0, 79.0, 26.0, 2.0, 377.0, 91.0, 274.0, 561.0, 3.0, 34.0, 250.0, 373.0, 395.0, 103.0, 468.0, 158.0, 26.0, 325.0, 166.0, 211.0, 21.0, 578.0, 210.0, 393.0, 157.0, 218.0, 451.0, 52.0, 76.0, 30.0, 128.0, 156.0, 692.0, 29.0, 156.0, 200.0, 98.0, 389.0, 116.0, 16.0, 601.0, 270.0, 25.0, 110.0, 667.0, 21.0, 521.0, 189.0, 322.0]",21251.0,212.51,4940,9900,-1.0,35.5,156.5,332.75,800.0
